ID,salary_min,salary_max,letter
94380,,,A
93943,,,A
8202,3831,,A
10154,3928,5013,A
4710,2701,2886,A
10251,3831,,A
14475,3800,4163,A
15647,,,A
132516,,,A
59161,,,A
94099,,,A
94097,,,A
133352,,,A
59233,3782,5798,A
94180,,,A
94368,,,A
94082,,,A
90071,2699,,A
93756,,,A
94200,,,A
58714,3928,6444,A
100520,5314,,A
59533,4604,5819,A
30255,6196,7958,A
29414,5379,5825,A
94216,,,A
93885,,,A
93798,,,A
94177,,,A
93737,,,A
93924,,,A
93863,,,A
93967,,,A
9063,2588,3173,A
9065,2881,3590,A
14640,3314,3812,A
94172,,,A
94234,,,A
100535,,,A
15615,2881,3590,A
13952,2825,3128,A
51027,2944,3256,A
5281,4757,5647,A
94283,,,A
94036,,,A
58681,,,A
93860,,,A
94360,,,A
14509,,,A
27308,,,A
14324,2099,2497,A
6773,3258,,A
29047,3060,3362,A
15164,,,A
2968,3119,3586,A
59169,,,A
7754,4163,4837,A
7070,2639,3301,A
58682,3582,4343,A
27476,2932,3102,A
14991,4604,5819,A
59171,,,A
94355,,,A
94297,,,A
9131,2943,4368,A
94382,,,A
59173,3408,,A
128340,,,A
130772,4323,,A
13982,2859,4476,A
5215,4604,5819,A
14801,3362,3960,A
9765,4560,6179,A
67308,3408,,A
6006,3891,4803,A
9791,3928,6444,A
58573,,,A
94306,,,A
94213,,,A
15706,3283,4596,A
93960,,,A
94016,,,A
58685,3782,5798,A
93604,,,A
94174,,,A
28504,,,A
7024,,,A
7023,4664,,A
34754,,,A
5291,4757,5647,A
58709,4695,6035,A
90902,,,A
8945,2088,2412,A
4303,,,A
15018,3504,3800,A
27268,,,A
28630,2495,2725,A
14616,2706,3068,A
27411,2065,2760,A
9996,2477,,A
67663,3135,3646,A
7850,2639,3301,A
7848,3135,3646,A
7743,3135,3646,A
7798,3135,3646,A
8564,2495,2725,A
67112,2827,3332,A
14532,3060,3362,A
7020,2395,2849,A
15011,3504,3800,A
27458,,,A
15424,,,A
28863,3866,4299,A
27350,,,A
14497,3060,3362,A
111614,,,A
34928,2728,2961,A
15014,3504,3800,A
14763,4695,6035,A
8702,4695,6035,A
8634,,,A
93929,,,A
59535,4560,6179,A
9599,2944,3256,A
8782,2859,4476,A
10181,280,,A
120098,,,A
120099,,,A
8526,2820,3159,A
59038,,,A
15462,,,A
27427,2187,,A
820,,,A
821,,,A
822,,,A
819,2187,,A
8517,3176,3404,A
130025,3687,6444,A
27385,3504,3800,A
14338,3060,3362,A
93766,,,A
93993,,,A
2634,2160,2360,A
2635,2560,2710,A
2631,2160,2360,A
2630,2160,2360,A
2636,2560,2710,A
7085,,,A
77111,3960,5341,A
132718,,,A
132717,,,A
132719,,,A
132721,,,A
132723,,,A
132724,,,A
126840,4602,5054,A
4003,,,A
9673,3960,5341,A
27469,2825,3128,A
9634,4757,5647,A
9152,2859,5871,A
6093,2859,4476,A
14645,3749,4759,A
6727,2681,2987,A
7172,2382,,A
6876,3325,3821,A
6728,2681,2987,A
14050,2681,2987,A
14198,1207,1349,A
77951,2000,,A
93864,,,A
93755,,,A
59039,,,A
4474,,,A
2068,3060,3362,A
15609,2129,2297,A
126837,,,A
126835,,,A
94202,,,A
94277,,,A
35326,3294,3445,A
6622,2385,2789,A
94264,,,A
93777,,,A
59163,,,A
93856,,,A
93913,,,A
33209,2129,2297,A
8109,2825,3128,B
3626,2633,,B
3657,2633,,B
3641,3158,,B
3629,3277,3406,B
4812,,,B
8393,2000,,B
59175,,,B
93750,,,B
93833,,,B
94194,,,B
10022,3130,3432,B
10023,2477,,B
6755,2604,3258,B
6749,4509,5073,B
10077,2477,2718,B
10049,2254,2477,B
10080,3130,3432,B
15023,2254,2477,B
27726,3746,4164,B
7675,3283,4596,B
4836,,,B
93754,,,B
93633,,,B
27729,3283,4596,B
8602,,,B
2727,3071,3665,B
4823,,,B
4360,,,B
7409,2859,4476,B
93676,,,B
94026,,,B
7673,3283,4596,B
2172,,,B
8193,3375,4249,B
2215,2897,3046,B
5626,5636,6302,B
2309,3060,3362,B
4824,4602,5054,B
590,,,B
94113,,,B
94096,,,B
10234,,,B
5112,3283,4596,B
6819,2604,3258,B
852,,,B
93978,,,B
13727,,,B
15528,2729,3032,B
4480,,,B
4304,,,B
27304,,,B
13741,2495,2725,B
4016,,,B
134553,,,B
14100,,,B
13915,,,B
7635,,,B
35301,,,B
8346,,,B
15868,,,B
13987,,,B
7626,,,B
7654,,,B
7937,,,B
15746,,,B
5145,,,B
8328,,,B
6813,,,B
6814,,,B
6815,,,B
8163,,,B
89249,,,B
7928,,,B
133771,,,B
129447,,,B
129445,,,B
15368,,,B
8177,,,B
13916,,,B
8176,,,B
704,,,B
129287,,,B
34981,,,B
8188,,,B
8189,,,B
8187,,,B
50900,,,B
15785,,,B
134532,,,B
7942,,,B
7627,,,B
8271,,,B
13920,,,B
13977,,,B
130193,3375,4249,B
7624,,,B
77208,,,B
13892,,,B
7650,,,B
7658,,,B
7941,,,B
34988,,,B
35303,,,B
14953,,,B
14954,,,B
15447,,,B
15449,,,B
35305,,,B
120029,,,B
35307,,,B
7629,,,B
5228,,,B
5224,,,B
7935,,,B
8165,,,B
5855,,,B
5856,,,B
15698,,,B
7651,,,B
7943,,,B
2153,,,B
2154,3342,3863,B
4308,2985,3135,B
5924,2111,3221,B
27273,2820,3159,B
129450,3408,,B
134898,,,B
129451,,,B
9155,,,B
29233,4604,5819,B
27386,4604,5819,B
535,2347,2464,B
756,2187,,B
757,2187,,B
8626,,,B
76437,2187,,B
76429,2187,,B
67309,3408,,B
122352,,,B
8174,,,B
7342,,,B
7344,,,B
13794,2410,,B
77128,,,B
59179,,,B
122541,,,B
94301,,,B
8628,,,B
9532,,,B
9478,,,B
8227,2825,3128,B
77301,,,B
15577,2825,3128,B
3980,,,B
13747,,,B
3993,,,B
59022,,,B
4833,,,B
4834,,,B
3998,,,B
3987,,,B
964,4137,4653,B
129325,,,B
9066,,,B
59013,,,B
6025,3342,,B
6139,4011,4503,B
569,,,B
15034,3504,3960,B
29214,4604,5819,B
14337,5980,7186,B
14513,3397,4286,B
14520,3130,3432,B
7466,3800,4163,B
13725,2699,,B
14471,4604,5819,B
5969,3523,3848,B
5812,,,B
58550,4078,4594,B
5462,3800,4163,B
5369,3800,4163,B
9612,3800,4163,B
14848,4604,5819,B
15709,,,B
5546,3800,4163,B
4456,,,B
9731,2962,3674,B
27401,2962,3674,B
27261,2962,3674,B
59031,2910,3236,B
14892,3800,4163,B
58558,3800,4163,B
411,2699,,B
9737,2962,3674,B
6556,2962,3674,B
6744,3258,,B
10004,3130,3432,B
7551,3800,4163,B
28494,3866,4299,B
28221,3258,,B
6540,3544,4254,B
15472,3214,3934,B
58963,3130,3432,B
58968,3350,3780,B
58970,3800,4367,B
34998,3544,4254,B
7887,3800,4163,B
6536,3544,4254,B
58980,3032,3490,B
35295,3125,4476,B
58556,3499,,B
6542,3544,4254,B
58965,3800,4163,B
9732,3800,4163,B
7685,3800,4163,B
58976,3800,4163,B
9029,3214,3934,B
9735,3800,4163,B
10002,2703,3439,B
7472,3800,4163,B
7648,3125,4476,B
59183,4604,5581,B
59185,7671,,B
59187,4509,5073,B
59189,5636,6302,B
59191,3928,6444,B
59195,4452,5116,B
100730,5334,,B
59197,,,B
59199,4380,5280,B
59201,4604,5581,B
59203,4604,5581,B
59207,4604,5581,B
59209,4604,5581,B
59213,4604,5581,B
59215,4604,5581,B
59217,2859,5871,B
59219,4604,5581,B
59223,3397,4286,B
59226,3928,5013,B
100732,5581,,B
59488,4466,5727,B
59227,4407,5314,B
100734,4604,5581,B
6003,3342,3745,B
93996,,,B
93952,,,B
9091,3782,4897,B
27457,3800,4163,B
93926,,,B
93927,,,B
7696,3544,4254,B
15036,,,B
94182,,,B
93744,,,B
59229,,,B
8428,,,B
106039,3939,,B
27786,3939,,B
9153,3782,5798,B
9787,4560,6179,B
93963,,,B
100537,,,B
9678,2859,5871,B
132512,3283,4596,B
7285,2122,2558,B
131061,,,B
93849,,,B
94316,,,B
58688,3782,5798,B
94025,,,B
93683,,,B
58689,4757,5647,B
9924,2124,2704,B
59235,3782,5798,B
94165,,,B
94125,,,B
6322,3204,3781,B
2710,2889,2921,B
6315,3204,3781,B
94312,,,B
93702,,,B
67148,4757,5647,B
130354,,,B
94053,,,B
13898,2859,4476,B
58487,2859,4476,B
58483,2859,4476,B
13894,2859,4476,B
93349,2859,4476,B
94129,,,B
94086,,,B
93787,,,B
9749,4560,6179,B
93732,,,B
94370,,,B
90110,4757,5647,B
131692,,,B
125525,,,B
94402,,,B
93866,,,B
59538,3782,5798,B
93939,,,B
93957,,,B
93810,,,B
93601,,,B
100539,3928,6444,B
1730,2985,3135,B
2768,3071,3665,B
132513,3800,4367,B
8745,2944,3256,B
15144,,,B
6967,2377,3001,B
6785,4509,5073,B
4539,,,B
4540,3523,4146,B
2674,,,B
2676,3523,4146,B
1871,2985,3135,B
4199,,,B
4776,,,B
4552,3523,4146,B
90474,,,B
90469,,,B
7267,3890,4586,B
7186,2382,,B
9548,,,B
115578,,,B
15038,3891,4803,B
4316,,,B
5891,4011,4503,B
3790,4011,4503,B
3789,3588,,B
93615,,,B
94367,,,B
3813,2347,2464,B
2077,3060,3362,B
4790,,,B
4201,,,B
4202,4602,5054,B
90590,,,B
15040,3182,3934,B
1293,3648,4419,B
1419,,,B
13749,2205,2545,B
59239,4664,,B
7693,3504,3800,B
93630,,,B
94161,,,B
94124,,,B
93613,,,B
59241,3782,5798,B
2443,,,B
2444,3342,3745,B
10073,1924,2035,B
10197,1951,,B
93770,,,B
94337,,,B
8544,2099,2497,B
8499,2000,,B
58692,2000,,B
8502,2000,,B
14080,2000,,B
8510,2000,,B
8409,2795,3638,B
8405,2795,3638,B
4500,2000,,B
15046,3342,3745,B
130315,,,B
1556,,,B
7169,2825,3128,B
15350,,,B
133472,4509,5073,B
15007,4604,5819,B
58454,3119,,C
14022,3119,,C
14025,3362,3960,C
14688,2509,2649,C
29399,3258,,C
14964,,,C
27267,,,C
14464,4604,5581,C
7467,3130,3432,C
134894,,,C
7327,,,C
10034,2477,2718,C
28019,,,C
7328,,,C
90188,,,C
94225,,,C
93947,,,C
94396,,,C
94185,,,C
13809,2827,3332,C
1169,2949,3171,C
1143,3088,3582,C
58694,4757,5647,C
5793,3204,3781,C
94166,,,C
93682,,,C
130952,,,C
134613,4604,5819,C
134512,4604,5819,C
10042,2254,2477,C
117083,,,C
2436,,,C
2437,3342,3745,C
59252,2000,,C
93637,,,C
8398,2795,3638,C
14962,3928,5013,C
133473,4604,5819,C
27289,,,C
1872,3060,3362,C
1795,3060,3362,C
1935,3362,3960,C
1832,3060,3362,C
1891,3060,3362,C
7333,,,C
125536,,,C
94244,,,C
15127,,,C
14586,2950,3526,C
89949,4825,6444,C
27272,,,C
58695,,,C
93640,,,C
93872,,,C
94078,,,C
93768,,,C
59496,4509,5073,C
100522,3749,4759,C
93721,,,C
93851,,,C
14398,3499,,C
51002,3960,5341,C
134900,,,C
15461,,,C
134373,,,C
14345,,,C
132575,,,C
4302,,,D
129406,,,D
4051,,,D
4038,4822,4980,D
9914,1741,2248,D
129987,4604,5819,D
14993,4604,5819,D
27353,2399,2647,D
8261,,,D
129986,,,D
129988,,,D
7279,3890,4586,D
5848,3225,3958,D
10032,2254,2477,D
10041,2254,2477,D
9761,3782,5798,D
94395,,,D
5090,3782,5798,D
8355,3182,3524,D
123685,,,D
15837,2976,3176,D
15836,2976,3176,D
100525,3928,5013,D
94386,,,D
93965,,,D
14557,3241,,D
14326,2639,3301,D
14217,2639,3301,D
13968,2639,3301,D
8459,2639,3301,D
14319,2111,3221,D
59253,,,D
13624,2825,3128,D
3814,2347,2464,D
3816,2699,,D
5375,3362,3960,D
14346,,,D
93664,,,D
93716,,,D
133692,4604,5819,D
114216,3125,4476,D
13889,3928,6444,D
8899,2944,3256,D
8902,3928,6444,D
3742,2944,3256,D
9897,3417,4088,D
9896,2817,3360,D
9084,2817,3964,D
9083,,,D
93899,,,D
93829,,,D
7164,2727,2985,D
134897,,,D
128337,,,D
128338,,,D
6879,3325,3821,D
58696,2000,,D
94100,,,D
94421,,,D
8421,,,D
33344,3032,3490,D
14094,2654,3050,D
133420,4604,5581,D
59274,,,D
6794,2604,3258,D
94207,,,D
94005,,,D
8302,3135,5341,D
8303,3135,5341,D
15365,,,D
9078,2825,3128,D
9178,,,D
9449,,,D
9284,,,D
30226,2000,,D
8282,2000,,D
93809,,,D
94162,,,D
1529,3523,4146,D
1528,,,D
1539,,,D
59034,,,D
4795,,,D
6712,2385,2789,D
93982,,,D
94023,,,D
1424,3420,3839,D
15419,,,D
15355,,,D
134892,,,E
8279,4664,,E
14994,2509,2649,E
134756,2950,3526,E
133292,,,E
6418,3060,3362,E
2610,3241,,E
897,5072,,E
131163,3241,,E
131165,3241,,E
131166,3241,,E
131167,3241,,E
94241,,,E
100519,,,E
15057,3504,3960,E
7729,3504,3960,E
15060,3504,3800,E
8963,2944,3256,E
6600,3485,4272,E
59145,2515,3020,E
8170,,,E
7139,2859,4476,E
8095,3099,3713,E
3983,,,E
7119,2656,,E
7111,3027,3207,E
3911,,,E
9549,,,E
2774,3135,3646,E
15481,,,E
2842,4334,4831,E
120089,,,E
120090,,,E
134713,3135,3646,E
15630,3135,3646,E
15623,3135,3646,E
2793,3135,3646,E
15636,3071,3665,E
15621,3140,,E
134715,3140,,E
15632,3135,3646,E
59048,3135,3646,E
59049,3135,3646,E
59047,3135,3646,E
122382,3135,3646,E
134719,3135,3646,E
134718,3071,3665,E
58995,3135,3646,E
2072,3060,3362,E
94126,,,E
94219,,,E
2738,4334,4831,E
5502,3135,3646,E
10019,3130,3432,E
14469,2477,,E
10018,2477,,E
133332,2950,3526,E
94198,,,E
93845,,,E
93410,4604,5819,E
93636,,,E
93778,,,E
8369,,,E
15927,,,E
74028,2254,2477,E
4598,2729,3032,E
89995,3504,3960,E
93976,,,E
13985,,,E
59014,3800,4163,E
100541,4560,6179,E
94115,,,E
15255,3928,5013,E
4807,,,E
8779,2944,3256,E
8774,2944,3256,E
93745,,,E
15669,2531,5871,E
13890,3928,6444,E
93917,,,E
93609,,,E
93657,,,E
94211,,,E
1931,3060,3362,E
27544,3800,4367,E
27543,3800,4367,E
27545,3800,4367,E
27546,3800,4367,E
29421,5379,5825,E
9097,3812,5416,E
9162,2880,3909,E
9106,2943,4368,E
9103,2943,4368,E
93741,,,E
93663,,,E
9045,3928,6444,E
4390,,,E
4391,4602,5054,E
10050,2254,2477,E
133432,4509,5073,E
58698,,,E
93990,,,E
93839,,,E
13622,2962,3674,E
93612,,,E
93642,,,E
9598,,,E
100511,,,E
8783,,,E
14079,,,E
93827,,,E
35201,,,E
35200,,,E
6546,2654,3050,E
1232,2889,2921,E
593,,,F
6338,2699,,F
34990,2699,,F
15569,3080,,F
34992,,,F
7706,3125,4476,F
8141,3080,,F
14834,3483,3812,F
35011,3483,3812,F
69709,3483,3812,F
14837,3483,3812,F
100809,2899,,F
9496,2825,3128,F
35268,2944,3256,F
8348,2825,3128,F
8329,2825,3128,F
8349,2825,3128,F
8347,2825,3128,F
14388,2825,3128,F
59087,,,F
58985,3696,4343,F
27365,6196,7958,F
27359,,,F
27361,6196,7958,F
27360,6196,7958,F
27362,4928,7018,F
27363,6196,7958,F
27364,6196,7958,F
27367,6196,7958,F
27497,6196,7958,F
27368,6196,7958,F
27369,6196,7958,F
27498,6196,7958,F
27370,6196,7958,F
27371,6196,7958,F
27372,6196,7958,F
27373,6196,7958,F
27380,6196,7958,F
8649,6196,7958,F
27381,6196,7958,F
27382,6196,7958,F
27383,6196,7958,F
27499,6196,7958,F
27500,6196,7958,F
27509,6196,7958,F
27512,6196,7958,F
27506,6196,7958,F
27520,4928,7018,F
27501,6196,7958,F
27513,6196,7958,F
27514,6196,7958,F
27505,6196,7958,F
27515,6196,7958,F
27516,6196,7958,F
27502,6196,7958,F
27510,6196,7958,F
27511,6196,7958,F
27366,6196,7958,F
27517,6052,6763,F
27507,6196,7958,F
27503,6196,7958,F
27518,6196,7958,F
27519,6196,7958,F
27504,6196,7958,F
15120,2944,3256,F
134653,2699,,F
131094,,,F
132515,,,F
35217,3112,3675,F
9059,2859,4476,F
4600,2385,2789,F
15063,3258,,F
7855,3135,3646,F
35019,3135,3646,F
14045,3504,3800,F
13984,2940,,F
33356,6052,6763,F
7856,3135,3646,F
133556,3135,3646,F
133560,3135,3646,F
7847,3135,3646,F
7972,3504,3800,F
14106,2604,3258,F
6543,3544,4254,F
58794,3483,3812,F
14681,3483,3812,F
134762,3483,3812,F
14683,3483,3812,F
130071,3483,3812,F
14578,3483,3812,F
58798,3483,3812,F
69689,3483,3812,F
14830,3483,3812,F
58796,3483,3812,F
14755,2825,3128,F
35009,2347,2464,F
14792,2943,4368,F
14026,3960,5341,F
50978,,,F
9602,2943,4368,F
51031,2347,2464,F
134933,,,F
7474,2699,,F
15085,2825,3128,F
3820,2845,2995,F
132573,,,F
10087,2254,2477,F
5608,4334,4831,F
34996,2654,3050,F
57895,,,F
35021,2827,3332,F
134853,3362,3960,F
126669,3294,3445,F
14757,2417,,F
33362,2353,3030,F
27448,2654,3050,F
51039,2699,,F
3898,2832,3228,F
126792,,,F
90009,2038,,F
14014,3032,3490,F
15081,3504,3800,F
58552,3362,3960,F
129419,,,F
14003,3362,3960,F
34980,2992,,F
34993,,,F
10128,2588,3173,F
14029,3362,3960,F
14759,2417,,F
29406,3890,4586,F
14463,,,F
14374,3182,3524,F
9666,,,F
129457,2395,2849,F
14754,2825,3128,F
14376,3182,3524,F
126756,,,F
122290,2985,3135,F
122292,2985,3135,F
122286,2985,3135,F
122288,2985,3135,F
14462,3483,3812,F
14452,3483,3812,F
134760,3483,3812,F
14461,3483,3812,F
14453,3483,3812,F
130069,3483,3812,F
14458,3483,3812,F
58792,3483,3812,F
69688,3483,3812,F
14456,3483,3812,F
14460,3483,3812,F
27539,2339,2392,F
9392,,,F
9384,,,F
9387,,,F
9338,,,F
9358,,,F
9312,,,F
59057,4822,4980,F
14088,3504,3800,F
14216,3350,3780,F
28816,2515,3020,F
9997,2477,,F
58512,3325,3821,F
125587,3342,,F
90101,5334,,F
3258,,,F
2858,,,F
130180,,,F
1495,,,F
119768,,,F
29092,,,F
3627,,,F
2857,,,F
1302,,,F
7883,,,F
132092,,,F
124466,,,F
2739,,,F
14969,,,F
3673,,,F
134513,,,F
14867,,,F
3946,,,F
4463,,,F
129285,,,F
34976,,,F
2376,,,F
119628,,,F
10254,,,F
94629,,,F
487,,,F
4585,,,F
2261,,,F
134912,,,F
58342,,,F
58313,,,F
6496,,,F
10212,,,F
4110,,,F
125540,,,F
1802,,,F
10187,,,F
4012,,,F
579,,,F
10088,,,F
50987,,,F
4708,,,F
14818,,,F
6649,,,F
93274,,,F
3747,,,F
129985,,,F
77408,,,F
132076,2859,4476,F
132075,2859,4476,F
77628,5637,7018,F
15326,2447,,F
15336,2447,,F
15332,2447,,F
15064,2515,3020,F
14766,2389,2708,F
6709,2389,2708,F
6664,2389,2708,F
14614,2389,2708,F
14866,2389,2708,F
6663,2389,2708,F
14767,2389,2708,F
14764,2389,2708,F
6659,2389,2708,F
6655,2389,2708,F
15168,2385,2789,F
29385,2385,2789,F
50920,2389,2708,F
50924,2389,2708,F
50922,2211,2325,F
14865,2389,2708,F
6661,2385,2789,F
14468,2389,2708,F
6662,2389,2708,F
6658,2389,2708,F
6660,2385,2789,F
6654,2389,2708,F
14864,2389,2708,F
14765,2389,2708,F
14325,2389,2708,F
6635,2389,2708,F
6665,2389,2708,F
29386,2389,2708,F
3009,,,F
77549,3125,4476,F
130353,2962,3674,F
13602,2934,,F
6754,3258,,F
7967,3746,4164,F
58790,2950,3526,F
15029,2859,4476,F
6696,2509,2957,F
119345,3504,3800,F
7688,3504,3800,F
133373,2962,3674,F
126566,3504,3800,F
35299,3678,4375,F
14804,3414,4322,F
15700,3350,3780,F
6781,3258,,F
7063,3258,,F
7473,3125,4476,F
15581,3130,3432,F
122248,3125,4476,F
34986,3125,4476,F
122246,3032,3490,F
6535,2962,3674,F
14749,3342,3745,F
8016,3523,3848,F
7056,3350,3780,F
7966,3504,3800,F
58334,3125,4476,F
58570,3258,,F
122250,3130,3432,F
74108,3125,4476,F
122245,3032,3490,F
126568,3504,3800,F
133354,3499,,F
122252,3125,4476,F
7960,,,F
9134,3355,4182,F
89951,3504,3800,F
122242,3125,4476,F
14734,,,F
122262,4334,4831,F
6623,2950,3526,F
7574,,,F
6944,2703,3439,F
6059,3831,,F
15066,3125,4476,F
74100,3325,3821,F
124532,2950,3526,F
125588,2950,3526,F
7649,3125,4476,F
7529,3504,3800,F
29388,3504,3800,F
27521,6196,7958,F
94274,,,F
93991,,,F
15628,4380,5280,F
7308,2122,2558,F
4121,2827,3092,F
7140,2654,3050,F
9569,,,F
107431,,,F
27394,2985,3135,F
4372,,,F
93708,,,F
94048,,,F
134333,3695,4042,F
15540,2991,3184,F
10275,,,F
94426,,,F
94254,,,F
15198,,,F
59177,3408,,F
14880,3928,6444,F
13992,2248,,F
4056,,,F
3951,,,F
10239,,,F
15657,,,F
133561,,,F
1123,,,F
1124,3646,3960,F
1946,3241,,F
15145,,,F
2418,3342,3745,F
15330,2569,,F
15444,2569,,F
15442,2569,,F
15440,2569,,F
15328,2569,,F
4024,,,F
2488,3060,3362,F
35221,3112,3675,F
3961,,,F
7416,,,F
995,2376,2510,F
94343,,,F
6612,2950,3526,F
14197,2820,3159,F
94107,,,F
93808,,,F
125531,,,F
59043,,,F
77568,1611,,F
14195,,,F
6454,3782,5798,F
59279,3782,5798,F
93712,,,F
94003,,,F
94061,,,F
93616,,,F
76910,2604,3258,F
33200,3504,3800,F
7036,3325,3821,F
59281,,,F
59283,,,F
93580,,,F
94407,,,F
131694,,,F
94425,,,F
3709,2484,2682,F
129348,2347,2464,F
129350,3500,,F
354,2699,,F
390,4850,5700,F
385,2699,,F
15658,,,F
4044,,,F
131053,2106,2485,F
1908,3060,3362,F
50909,,,F
3692,2453,,F
13804,2453,,F
3677,3297,,F
3694,2453,,F
1429,,,F
1406,3420,3839,F
4325,,,F
4326,4602,5054,F
680,1714,1904,F
681,2380,2532,F
10058,,,F
7352,,,F
100790,,,F
14030,4466,,F
123282,3135,3646,F
2187,3060,3362,F
2398,3060,3362,F
2403,3060,3362,F
7358,3397,4286,F
9572,,,F
7355,8456,10152,F
7354,2859,4476,F
10283,,,F
7311,,,F
9405,3066,,F
1452,,,F
6771,4509,5073,F
9986,2477,,F
9962,3130,3432,F
27314,5665,,F
134893,,,F
9766,4560,6179,F
15890,4604,5819,F
29201,4560,6179,F
50902,2699,,F
709,4108,4695,F
727,2347,2464,F
58700,3928,6444,F
728,2699,,F
94279,,,F
93807,,,F
6461,2525,,F
59257,4664,,F
76789,,,F
8578,,,F
93945,,,F
93668,,,F
58383,2385,2789,F
8632,,,F
15000,4407,5314,F
7362,,,F
93548,1500,1900,F
6964,,,F
6952,3928,5013,F
93700,,,F
7990,2962,3674,F
7989,3135,4163,F
66478,3135,4163,F
59285,,,F
94077,,,F
4220,2443,2657,F
9910,1741,2248,F
9912,2586,2974,F
10066,2477,,F
3967,,,F
7145,3032,3490,F
14549,,,F
7411,2000,,F
7154,,,F
7379,4447,4817,F
14712,,,F
563,2347,2464,F
7429,2339,2392,G
594,,,G
620,,,G
588,,,G
614,,,G
615,,,G
604,,,G
605,,,G
581,,,G
619,2608,3187,G
580,3223,3850,G
613,2608,3187,G
612,2608,3187,G
603,2608,3187,G
602,2608,3187,G
10090,2254,2477,G
1994,3249,4322,G
130065,,,G
130067,,,G
130066,,,G
93743,,,G
94338,,,G
14869,,,G
14870,,,G
3735,2254,2477,G
3375,2129,2297,G
94289,,,G
94052,,,G
640,2859,4476,G
58719,3928,6444,G
9957,3130,3432,G
9999,2254,2477,G
9955,,,G
93738,,,G
93773,,,G
59289,,,G
10152,3527,,G
10236,,,G
10237,2762,3156,G
93586,,,G
94106,,,G
8638,,,G
8195,2654,3050,G
3703,2453,,G
2673,,,G
2675,3523,4146,G
7094,,,G
4236,2443,2657,G
9898,2825,3128,G
9895,3706,4360,G
15797,3485,4272,G
93717,,,G
93786,,,G
29397,,,G
9969,,,G
9971,,,G
6875,4407,5314,G
132492,,,G
9842,4560,6179,G
58701,4825,6444,G
93671,,,G
93725,,,G
58702,3782,5798,G
58703,3782,5798,G
77494,2827,3332,G
58704,3782,4897,G
94385,,,G
94344,,,G
93869,,,G
93790,,,G
58705,3782,5798,G
93793,,,G
93980,,,G
93925,,,G
93789,,,G
59291,3782,5798,G
27773,,,G
8139,,,G
90288,,,G
129385,,,G
13983,,,G
58706,,,G
94193,,,G
94022,,,G
58707,5236,6092,G
93765,,,G
93771,,,G
59064,,,G
4066,,,G
4067,,,G
93932,,,G
94168,,,G
7469,4604,5581,G
416,3928,6444,G
6868,4407,5314,G
94001,,,G
93602,,,G
13970,3221,,G
682,2380,2532,G
14093,5072,,G
27714,,,G
13981,3796,,G
8566,3523,4146,G
14849,3117,3861,G
30242,3523,3848,G
13973,3523,4146,G
14850,4403,,G
15504,3499,,G
27542,2385,2789,G
51010,3112,3675,G
6515,2639,3301,G
27357,2881,3387,G
30191,2748,3320,G
59551,3928,6444,G
94418,,,G
93898,,,G
9042,2825,3128,G
9037,3928,6444,G
100540,,,G
93934,,,G
93626,,,G
93956,,,G
94320,,,G
59293,3928,6444,G
93639,,,G
93877,,,G
94236,,,G
94090,,,G
59295,3928,6444,G
3817,3849,4383,G
8200,3928,6444,G
8553,2000,,G
126847,3060,3362,G
4653,2376,2510,G
4656,3796,,G
1077,,,G
1079,3310,4258,G
1092,,,G
1091,,,G
1095,,,G
4365,,,G
4364,,,G
4356,3796,,G
1048,,,G
10230,,,G
27446,,,G
28998,2106,2485,G
29000,2106,2485,G
1117,2562,3541,G
29517,,,G
4144,,,G
114450,,,G
2593,5072,,G
2589,3695,,G
2590,3695,,G
2591,3695,,G
2587,2385,2789,G
15660,,,G
849,,,G
100542,4560,6179,G
59297,,,G
129455,,,G
1959,3249,4322,G
8138,,,G
3729,2254,2477,G
3739,2254,2477,G
133598,4604,5581,G
29355,3544,4254,G
8404,2795,3638,G
10026,3130,3432,G
14012,3362,3960,G
1174,2846,3111,G
1720,2395,,G
15583,2880,3909,G
9524,2944,3256,G
4071,,,H
7455,,,H
14037,,,H
4803,,,H
7316,2825,3128,H
7288,2825,3128,H
94156,,,H
93666,,,H
6532,2962,3674,H
6725,2681,2987,H
94388,,,H
2694,,,H
2695,3523,4146,H
9077,2825,4476,H
58960,2825,4476,H
10139,2477,2718,H
103408,1672,1924,H
8122,3140,,H
15244,3140,,H
133617,2825,3128,H
10110,3214,3934,H
10186,2706,3068,H
8839,3053,3751,H
8838,3053,3751,H
94218,,,H
100651,,,H
13778,2682,3283,H
9127,2943,4368,H
123550,3483,3812,H
8780,2859,4476,H
9129,3154,4106,H
9121,3154,4106,H
93779,,,H
94141,,,H
8722,,,H
9105,2943,4368,H
14641,2334,2801,H
50936,,,H
768,1742,,H
90135,,,H
8056,2399,2647,H
1153,2701,2886,H
1497,,,H
58535,2399,2647,H
58524,2392,2736,H
90134,,,H
58523,2120,,H
394,1674,2112,H
739,,,H
9908,1690,,H
625,,,H
10086,1672,1814,H
1068,,,H
90128,2047,2178,H
3969,,,H
14923,,,H
10175,1924,2254,H
1019,,,H
58534,,,H
3751,1672,1924,H
1226,,,H
58538,2270,2392,H
50939,2270,2392,H
501,1674,2112,H
58529,2484,2682,H
90136,1984,2401,H
58527,2399,,H
58544,2120,,H
14485,2399,,H
58542,1952,,H
2027,2399,,H
880,,,H
58540,1674,2112,H
1330,,,H
58522,,,H
10223,,,H
8874,2443,2657,H
58515,2211,2236,H
58528,2043,,H
4213,,,H
90129,2443,2657,H
90131,1946,,H
90138,2443,2657,H
6646,1679,1882,H
9952,,,H
9916,1741,2248,H
15122,,,H
58708,,,H
33207,2944,3256,H
132714,,,H
132716,,,H
132715,,,H
59335,3928,6444,H
129408,2385,2789,H
8297,2820,3159,H
2974,2950,3526,H
94118,,,H
93579,,,H
58341,,,H
57887,,,H
29057,,,H
1534,,,H
1535,3523,4146,H
2685,,,H
2687,,,H
2688,3523,4146,H
126805,,,H
126807,,,H
126803,,,H
1566,,,H
94270,,,H
94013,,,H
59299,3833,5193,H
124273,,,H
124274,,,H
8720,,,H
9213,,,H
6969,,,H
9966,,,H
10009,2477,,H
9994,2477,,H
132012,,,H
132013,,,H
10010,3130,3432,H
9985,2254,2477,H
58319,,,H
14002,3342,,H
58690,4560,6179,H
120095,,,H
120096,,,H
94243,,,H
100960,,,H
14212,,,H
8112,,,H
372,,,H
14005,3342,,H
58710,3782,5798,H
14996,4604,5581,I
15460,,,I
8199,3928,6444,I
7055,2620,3320,I
35275,2620,3320,I
7049,3350,3780,I
27467,4380,5280,I
94389,,,I
93747,,,I
100516,4604,5819,I
59301,,,I
94029,,,I
93987,,,I
59261,,,I
4279,2727,2985,I
93672,,,I
94119,,,I
76430,2985,3135,I
76438,2985,3135,I
3003,,,I
7965,3060,3362,I
34941,2376,2510,I
34948,2376,2510,I
34938,2376,2510,I
34943,2376,2510,I
15711,3746,4164,I
29055,3060,3362,I
6290,4602,5054,I
14383,3646,3960,I
134758,4186,4705,I
6288,4602,5054,I
6130,3781,4626,I
6204,3646,3960,I
6272,3385,,I
6169,3646,3960,I
27531,4174,,I
6168,3646,3960,I
6132,3310,4258,I
6286,4602,5054,I
6260,3523,3848,I
14062,3646,3960,I
6080,3646,3960,I
6289,4602,5054,I
77368,4186,4705,I
6131,3520,4144,I
6135,3781,4626,I
6137,3781,4626,I
6133,3597,4036,I
15186,3646,3960,I
28423,4602,5054,I
30216,3646,3960,I
123751,3646,3960,I
6167,3646,3960,I
6140,4143,4660,I
6208,3646,3960,I
6264,3648,4419,I
6265,4279,,I
6136,3781,4626,I
6077,3646,3960,I
6271,3385,,I
77109,3420,3839,I
6076,3646,3960,I
6263,3338,3833,I
6270,2898,3168,I
6134,3597,4036,I
6268,3611,,I
10235,,,I
15263,3504,3960,I
130192,3135,3646,I
134904,,,I
93944,,,I
94232,,,I
58711,3960,5341,I
15325,4163,4837,I
14997,,,I
93941,,,I
94311,,,I
7087,,,I
134721,3135,3646,I
93622,,,I
93587,,,I
59320,4604,5819,I
2945,3646,3960,I
58713,,,I
93973,,,I
93876,,,I
59321,3928,6444,I
59323,4604,5819,I
59325,4604,5819,I
59327,4604,5819,I
59351,4604,5819,I
58576,3782,5798,I
59345,3782,5798,I
100530,4169,4596,I
58715,4067,5278,I
132072,3928,6444,I
58691,3928,6444,I
58720,6219,,I
58693,4757,5647,I
59347,3829,4329,I
132032,4604,5819,I
58716,4604,5819,I
59354,4604,5819,I
59385,4604,5819,I
59355,4604,5819,I
58717,4604,5819,I
59363,4757,5647,I
58718,4604,5819,I
59367,3283,4596,I
59369,3283,4596,I
58721,4604,5819,I
59371,3520,4144,I
59373,4604,5819,I
58722,3833,5193,I
5149,4604,5819,I
58723,4604,5819,I
58726,5228,,I
58727,5665,,I
58729,4604,5819,I
58731,4604,5819,I
59387,4604,5819,I
58732,4604,5819,I
59389,4604,5819,I
58733,3928,6444,I
59359,4604,5819,I
58734,4604,5819,I
59391,4604,5819,I
59361,4604,5819,I
59393,4604,5819,I
58736,4604,5819,I
58737,4757,5647,I
58738,4604,5819,I
59399,3928,5013,I
100733,4604,5819,I
59401,3928,6444,I
59403,4604,5819,I
100731,4604,5819,I
100529,4604,5819,I
59408,4825,6444,I
15682,4169,4596,I
100523,4604,5819,I
58712,4604,5819,I
59413,4604,5819,I
59418,4757,5647,I
58739,4067,5278,I
59420,3928,6444,I
59423,3749,4759,I
58740,3782,5798,I
59425,3283,4596,I
58742,4604,5819,I
59428,3782,5798,I
59343,3782,5798,I
58744,3928,6444,I
94341,,,I
93654,,,I
59313,4604,5819,I
126577,,,I
126576,,,I
126578,,,I
94009,,,I
94089,,,I
27827,,,I
100517,3283,4596,I
94136,,,I
94134,,,I
6866,4407,5314,I
129505,,,I
93826,,,I
15147,3375,4249,I
8414,,,I
14373,3342,3863,I
5399,3800,4163,I
94261,,,I
94015,,,I
134902,,,I
8384,,,I
100735,6678,,I
120097,,,I
94150,,,I
94220,,,I
94411,,,I
100728,,,I
93838,,,I
94292,,,I
76530,2377,3001,I
94354,,,I
93589,,,I
59431,6678,,I
14716,,,I
15518,2604,3258,I
6783,4604,5581,I
59432,,,I
94062,,,I
94397,,,I
93954,,,I
93893,,,I
4280,2985,3135,I
2173,,,I
89993,3504,3960,I
14040,3800,4367,I
15319,3800,4367,I
7804,3504,3800,I
15307,3504,3960,I
89988,3504,3960,I
93582,,,I
93578,,,I
100508,4604,5819,I
15323,3800,4367,I
15303,3504,3960,I
15321,3800,4367,I
15301,3504,3960,I
94276,,,I
93775,,,I
15299,3504,3960,I
15300,3504,3960,I
2927,3119,3586,I
2909,3135,3646,I
2919,3119,3586,I
2917,3119,3586,I
2918,3119,3586,I
2920,3135,3646,I
89989,3504,3960,I
15295,3504,3960,I
15305,3504,3960,I
58745,,,J
93618,,,J
93703,,,J
94091,,,J
93620,,,J
59113,3749,4759,J
8293,3749,4759,J
94159,,,J
94267,,,J
58746,,,J
94282,,,J
94133,,,J
9047,3928,6444,J
9094,3812,5416,J
9050,3928,6444,J
9049,3928,5013,J
58747,4825,6444,J
59437,4825,6444,J
59439,6678,,J
59441,4825,6444,J
59444,3928,6444,J
7924,2827,3332,J
8252,4825,6444,J
33320,,,J
2581,2950,3526,J
8420,,,K
2801,2151,2744,K
4345,,,K
2479,3342,3863,K
4292,,,K
7672,3800,4163,K
8588,1074,1457,K
8589,1706,3066,K
8584,1706,3066,K
133532,3375,4249,K
4206,,,K
4204,4602,5054,K
7240,,,K
9959,3130,3432,K
58993,6643,7191,K
7225,29907,,K
7229,5700,,K
59006,,,K
9553,,,K
8643,,,K
2183,4078,4594,K
124530,,,K
15166,2991,3184,K
2180,,,K
7099,,,K
7096,,,K
58748,3782,5798,K
93573,,,K
93881,,,K
1826,3060,3362,K
7716,2385,2789,K
7092,2443,2657,K
7717,2389,2708,K
5712,2859,4476,K
51013,2817,3360,K
14078,,,K
15526,3060,3362,K
7018,2395,2849,K
123266,3060,3362,K
35311,2604,3258,K
133555,3060,3362,K
130926,2385,2789,K
6580,2385,2789,K
7134,2654,3050,K
7889,2825,3128,K
133596,2681,2987,K
133597,2681,2987,K
133558,3060,3362,K
33364,2353,3030,K
35279,3060,3362,K
29441,2654,3050,K
33235,2065,2760,K
7131,2656,,K
50904,2833,3234,K
35277,2833,3234,K
100524,,,K
94176,,,K
14061,2699,,K
100534,,,K
93748,,,K
94068,,,K
94233,,,K
76608,2376,2510,K
986,3520,4144,K
1677,2395,,K
59540,4825,6444,K
126857,3088,3582,K
4860,2151,2744,K
15463,4604,5581,K
14517,3135,3646,K
7891,3060,3362,K
7893,3060,3362,K
7991,3060,3362,K
7789,3135,3646,K
7017,2639,3301,K
134755,3800,4367,K
8926,2728,2961,K
8729,4322,5927,K
14335,2047,2178,K
9108,5000,,K
9173,2529,2818,K
9166,3402,5416,K
9174,2529,2818,K
78588,3928,6444,K
14762,2389,2708,K
93647,,,K
93679,,,K
93895,,,K
94294,,,K
94290,,,K
93792,,,K
93272,2347,2464,K
2647,,,K
2648,,,K
2649,3523,4146,K
2645,3116,3523,K
35329,3060,3362,K
27311,5228,,K
1487,,,K
2168,,,K
2225,,,K
2170,3342,3863,K
93268,3928,6444,K
93571,,,K
125538,,,K
94325,,,K
100545,6052,6763,K
59447,4560,6179,K
9768,4560,6179,K
3726,2254,2477,K
94047,,,K
93782,,,K
59449,,,K
8419,,,K
4702,2654,3050,K
29467,2859,4476,K
7799,3060,3362,K
93596,,,K
94201,,,K
59263,4664,,K
59549,,,K
93874,,,K
94111,,,K
93884,,,K
94281,,,K
58750,3782,5798,K
14486,,,K
93590,,,K
94361,,,K
15265,3504,3960,K
59452,,,K
93862,,,K
93788,,,K
3654,2633,,K
3655,3277,3406,K
9760,,,K
35327,3782,5798,K
94064,,,K
94088,,,K
6767,4509,5073,K
5387,3362,3960,K
15892,4604,5819,K
29049,3060,3362,K
94392,,,K
93974,,,K
59002,3800,4163,K
6484,3362,3960,K
7002,,,K
7698,3504,3800,K
27811,,,K
1583,2458,,K
59453,,,K
93686,,,K
93570,,,K
1358,,,K
93656,,,K
94104,,,K
59456,,,K
14624,1741,2248,K
9929,1741,2248,K
126671,2586,2974,K
59457,,,K
7676,3800,4163,K
78472,2000,,K
8550,2000,,K
389,3500,,K
2378,3294,3445,K
7177,2417,,K
7176,,,K
122564,2991,3184,K
27300,2991,3184,K
27298,2991,3184,K
14799,2991,3184,K
122563,2991,3184,K
5230,2859,4476,K
2382,4078,4594,K
14744,3072,4939,K
73548,3678,4375,K
73549,3678,4375,K
125585,3678,4375,K
4784,,,K
8711,4341,6179,K
100538,3928,5013,K
8868,2588,3173,K
8869,2588,3173,K
6833,3325,3821,K
2356,3060,3362,K
27704,,,K
6768,4509,5073,K
6769,2604,3258,K
9794,4560,6179,K
93784,,,K
3723,3130,3432,K
3727,3130,3432,K
29390,2385,2789,K
77942,2000,,K
7074,,,K
3611,2437,,K
3613,3279,4697,K
15411,2404,2553,K
93730,,,K
94268,,,K
4162,,,K
94314,,,K
94040,,,K
15844,,,K
9832,,,K
59460,,,K
59462,,,K
6778,2604,3258,K
14795,2515,3020,K
35219,3112,3675,K
27818,2515,3020,K
58996,3135,3646,K
6563,2385,2789,K
93619,,,K
93832,,,K
4367,,,K
58751,,,K
13991,,,K
59465,,,K
94416,,,K
94188,,,K
14851,3928,6444,K
4548,,,K
1213,2889,2921,K
1221,2889,2921,K
1215,2889,2921,K
93674,,,K
93660,,,K
1219,2889,2921,K
59055,2859,5871,K
8776,2859,5871,K
94222,,,K
94002,,,K
4488,,,K
93600,,,K
93834,,,K
100521,,,K
35328,3928,6444,K
6953,2859,4476,K
7189,2347,2464,K
94296,,,K
100609,,,K
6313,3782,5798,L
4615,3695,4042,L
4617,3695,4042,L
6415,3204,3781,L
7147,3032,3490,L
7453,2270,2392,L
1223,2889,2921,L
124412,2398,2854,L
498,2347,,L
2391,3064,3252,L
100513,3928,6444,L
94138,,,L
93942,,,L
59375,3928,6444,L
93675,,,L
93606,,,L
272,2347,2464,L
6327,3182,3524,L
3815,2699,,L
473,4407,5314,L
475,3782,4897,L
9360,,,L
273,2699,,L
59468,,,L
7066,3258,,L
93905,,,L
94656,,,L
94169,,,L
58753,3782,5798,L
14405,3375,4249,L
5879,3221,3825,L
93769,,,L
94131,,,L
3569,2437,,L
94377,,,L
100515,,,L
94199,,,L
94650,,,L
94206,,,L
94259,,,L
94651,,,L
94071,,,L
94024,,,L
128363,,,L
128364,,,L
128365,,,L
94649,,,L
93803,,,L
94034,,,L
9348,,,L
15104,,,L
14783,,,L
59472,,,L
59474,,,L
9397,,,L
58774,,,L
59476,,,L
59479,,,L
128366,,,L
9428,,,L
30231,,,L
59445,,,L
59446,,,L
9677,2859,5871,L
58450,2859,4476,L
9187,3490,5798,L
9583,3928,5013,L
4559,,,L
5452,3350,3780,L
9096,4458,5904,L
9058,4928,6673,L
30221,4604,5581,L
9669,4604,5581,L
59001,4604,5581,L
29194,4604,5581,L
29360,3544,4254,L
27387,4604,5819,L
7481,3544,4254,L
90139,6075,,L
117757,6075,,L
15487,4604,5819,L
7677,3544,4254,L
27617,3800,4163,L
27616,4604,5581,L
7417,3032,3490,L
90130,5581,,L
90189,5581,,L
59007,6075,6575,L
29358,3544,4254,L
27400,4825,6444,L
7484,4604,5581,L
7486,4604,5819,L
90133,5581,,L
29312,4825,6444,L
8172,2859,4476,L
6894,5581,,L
8121,2859,4476,L
9349,,,L
6608,3800,4163,L
7478,4604,5819,L
9285,,,L
6074,3897,5927,L
78305,2000,,L
8284,4664,,L
27885,3928,6444,L
1088,,,L
128339,,,L
90068,3283,4596,L
27279,,,L
14998,,,L
7075,,,L
59484,,,L
14992,4604,5581,L
2088,2985,3135,L
94359,,,L
93634,,,L
7538,3032,3490,L
77509,3032,3490,L
8764,2531,3524,L
8758,2531,3524,L
93591,,,L
94275,,,L
35013,,,L
7700,3504,3800,L
59021,,,L
93852,,,L
93758,,,L
4347,,,L
7363,,,L
6928,2377,3001,L
94081,,,L
93994,,,L
78574,,,L
8737,2944,3256,L
134292,4604,5819,M
7034,,,M
4591,,,M
4604,2729,3032,M
134955,,,M
15532,2729,3032,M
134954,,,M
15530,2729,3032,M
15534,2729,3032,M
27257,,,M
4596,2729,3032,M
77908,2681,2987,M
58991,2681,2987,M
29234,4604,5581,M
14965,,,M
4664,2376,2510,M
94376,,,M
94391,,,M
93855,,,M
93760,,,M
9757,,,M
132652,2372,3171,M
132657,2832,3228,M
132653,3060,3362,M
132655,2403,2445,M
132656,2403,2445,M
10286,,,M
93646,,,M
94263,,,M
2313,3060,3362,M
1663,2395,,M
1789,3060,3362,M
1798,3060,3362,M
2051,3060,3362,M
94265,,,M
128361,,,M
15200,2000,,M
59491,2000,,M
8734,2944,3256,M
27398,,,M
3259,3279,4697,M
131156,,,M
131157,,,M
9701,4604,5581,M
94192,,,M
93628,,,M
93868,,,M
93897,,,M
59494,4407,5314,M
14087,3060,3362,M
51029,3135,3646,M
3941,4602,5054,M
3938,,,M
14300,,,M
94372,,,M
93706,,,M
27442,,,M
27444,,,M
1195,,,M
93707,,,M
94260,,,M
2868,3135,3646,M
35283,2492,2948,M
7010,2639,3301,M
100729,,,M
124034,,,M
94173,,,M
7012,3499,,M
130733,,,M
14989,4757,5647,M
93908,,,M
93919,,,M
6986,3413,3749,M
93731,,,M
94152,,,M
59265,4664,,M
8533,2820,3159,M
57881,2639,3301,M
57883,2639,3301,M
57885,2639,3301,M
94080,,,M
94248,,,M
58754,3749,4759,M
35281,2639,3301,M
14238,,,M
59502,,,M
94004,,,M
93981,,,M
5528,3800,4163,M
90572,,,M
90574,2372,3171,M
90578,,,M
94300,,,M
94190,,,M
93824,,,M
94423,,,M
58755,,,M
93763,,,M
93681,,,M
58756,3928,6444,M
8982,3210,3535,M
8975,3210,3535,M
8961,3210,3535,M
8981,3210,3535,M
125541,,,M
93878,,,M
94305,,,M
94167,,,M
93882,,,M
94181,,,M
94366,,,M
8343,2825,3128,M
33212,2088,2412,M
29135,3782,5798,M
9013,3025,3227,M
59541,5581,,M
110387,,,M
100543,4560,6179,M
94006,,,M
9755,,,M
14055,2859,4476,M
29518,2934,,M
35287,3182,4182,M
119751,4874,5350,M
100910,3032,3490,M
10252,2859,4476,M
119592,3053,3316,M
35023,3831,,M
8082,3361,3938,M
77114,3053,3316,M
59061,2248,,M
520,2347,2464,M
94424,,,M
94295,,,M
14999,3499,,M
14474,,,M
8568,,,M
90070,5640,6514,M
5584,3800,4163,M
1708,,,M
1696,,,M
1702,,,M
1697,3342,3745,M
2277,,,M
2267,,,M
2266,,,M
2268,3342,3745,M
28987,2985,3135,M
129467,,,M
129468,,,M
1964,,,M
2552,3249,4322,M
2664,3342,3745,M
2665,3060,3362,M
13868,3342,3745,M
2546,3060,3362,M
1939,3241,,M
1925,2985,3135,M
1613,2395,,M
1781,2985,3135,M
1736,2985,3135,M
94229,,,M
94139,,,M
1977,3060,3362,M
2997,,,M
58757,3782,5798,M
93921,,,M
94209,,,M
100536,4560,6179,M
93662,,,M
94043,,,M
93806,,,M
94210,,,M
2757,3135,3646,M
77248,3245,3771,M
3857,4174,,M
6342,3245,3771,M
6343,4174,,M
58758,3782,5798,M
9883,,,M
78388,2000,,M
4801,,,M
133653,3504,3960,M
94226,,,M
94414,,,M
59267,4697,,M
4519,3646,3960,M
77800,2820,3159,M
3353,,,M
3354,3214,3964,M
4434,,,M
59237,3782,5798,M
59507,3782,5798,M
93689,,,M
94278,,,M
3860,4174,,M
59016,,,M
2316,3060,3362,M
2989,2985,3135,M
100526,3928,5013,M
93597,,,M
15735,3104,4308,M
8756,3104,4308,M
2321,3060,3362,M
3882,3018,,M
8445,3413,3749,M
58759,3928,5013,M
94109,,,M
94353,,,M
15019,2443,2657,M
13674,3928,6444,M
8407,,,M
59510,,,M
15923,,,M
8376,3087,4257,M
15926,,,M
8377,,,M
8375,,,M
8379,,,M
15922,,,M
15925,,,M
15924,,,M
73829,2385,2789,M
94066,,,M
129365,,,M
59515,3782,4897,M
9471,2859,4476,M
7077,3928,6444,M
58760,3928,6444,M
94203,,,M
94212,,,M
8599,3413,3749,M
9461,3928,6444,M
94323,,,M
94196,,,M
15421,2859,5871,M
8777,2859,5871,M
93791,,,M
94215,,,M
94298,,,M
94251,,,M
59518,,,M
1275,2372,3171,M
3264,2437,,M
123748,,,N
93823,,,N
106708,,,N
10094,2254,2477,N
8870,2881,3590,N
77370,2124,2704,N
3827,2832,3228,N
94148,,,N
94051,,,N
15095,2825,3128,N
93752,,,N
100533,4757,5647,N
846,,,N
847,,,N
15435,,,N
93655,,,N
13719,,,N
7207,4850,5700,N
67629,,,N
15153,,,N
15154,,,N
59000,5379,5825,N
59004,4850,,N
29423,4732,5124,N
59521,,,N
93576,,,N
94164,,,N
50992,3072,4939,N
50990,3072,,N
101323,,,N
27309,4825,6444,N
93848,,,N
93920,,,N
100509,3928,6444,N
59523,,,N
94250,,,N
94045,,,N
27540,3544,4254,N
10016,2477,,N
6008,3800,4163,N
8247,,,N
7955,,,N
122462,3045,3751,N
93951,,,N
4630,,,O
34975,,,O
10044,3130,3432,O
14784,2367,,O
7048,3350,3780,O
35285,,,O
4343,3342,3863,O
3637,3158,,O
15346,3139,,O
15338,3139,,O
15348,3139,,O
15344,3139,,O
15340,3139,,O
15010,2950,3526,O
14239,3939,,O
93409,3928,6444,O
33366,2944,3256,O
8830,2944,3256,O
7750,3504,3960,O
77931,,,O
78445,2000,,O
78019,2614,2873,O
8105,,,O
5267,4560,6179,O
7736,3504,3960,O
2659,3523,4146,O
132536,,,O
132537,,,O
2651,3116,3523,O
59527,,,O
94239,,,O
94347,,,O
94272,,,O
93632,,,O
3497,,,O
3498,2898,3168,O
122351,,,O
2429,2950,3526,O
8769,2944,3256,O
108809,,,O
58762,4825,6444,O
93749,,,O
93938,,,O
59525,4509,5073,O
9754,3928,6444,O
58761,3782,5798,O
58743,3782,5798,O
90568,2372,3171,P
58763,3928,6444,P
15517,2943,4368,P
93734,,,P
93805,,,P
100546,3928,6444,P
58764,3782,5798,P
2368,2991,3184,P
8630,,,P
93727,,,P
94288,,,P
78502,2808,3121,P
8097,2443,2657,P
4415,,,P
14290,2859,4476,P
4417,,,P
13994,,,P
8417,,,P
9882,4446,5236,P
33228,,,P
7957,,,P
59395,4604,5819,P
93723,,,P
125527,,,P
3659,2633,,P
14714,3504,3960,P
15242,3504,3800,P
3602,2437,,P
134692,,,P
7555,,,P
58385,,,P
27537,3135,4163,P
14995,4604,5581,P
93695,,,P
93629,,,P
58977,3960,5341,P
15408,3504,3800,P
9918,1741,2248,P
538,2347,2464,P
77696,1726,2283,P
77695,1726,2283,P
77694,1726,2283,P
77699,1726,2283,P
77697,1726,2283,P
93870,,,P
93830,,,P
76728,,,P
128448,2840,3745,P
128444,2840,3745,P
128450,2840,3745,P
128446,2840,3745,P
128452,2840,3745,P
286,2347,2464,P
122322,2827,3332,P
130913,3375,4249,P
4078,,,P
14589,3928,6444,P
132173,2881,3387,P
94409,,,P
94271,,,P
58765,3928,6444,P
58987,2859,4476,P
58766,3928,6444,P
1151,3088,3582,P
14042,3866,5058,P
93665,,,P
93669,,,P
13971,4757,5647,P
6717,1945,2287,P
8910,2944,3256,P
94410,,,P
94657,,,P
93599,,,P
58767,,,P
93843,,,P
93801,,,P
59529,4560,6179,P
8042,2389,2708,P
94255,,,P
93641,,,P
93684,,,P
94387,,,P
5826,3182,3524,P
58768,,,P
93933,,,P
94401,,,P
6351,2827,3092,P
8750,2944,3256,P
8747,2944,3256,P
15675,2944,3256,P
93950,,,P
93761,,,P
14958,,,P
3647,1924,2035,P
14595,,,P
4808,,,P
8140,2443,2657,P
58548,3362,3960,P
134693,,,P
14427,,,P
3730,2254,2477,P
13819,4602,5054,P
13823,4602,5054,P
94365,,,P
94153,,,P
14963,,,P
58769,,,P
8157,,,P
8164,,,P
8158,,,P
8159,,,P
8166,,,P
8161,,,P
4442,,,P
4432,,,P
59247,4757,5647,P
94011,,,P
93617,,,P
10095,2477,2718,P
15004,3800,4163,P
7370,2353,3030,P
7005,3800,4163,P
2713,3025,3227,P
131057,,,P
131058,,,P
9736,3800,4163,P
126829,3431,4360,P
14575,2859,4476,P
129410,2894,2976,P
34944,3497,3596,P
8287,3928,6444,P
14241,3176,3404,P
133712,3283,4596,P
93605,,,P
93873,,,P
100544,4604,5819,P
14494,3221,,P
94345,,,P
94342,,,P
8477,2706,3307,P
59019,4604,5819,P
6672,2826,3420,P
8514,1049,1387,P
34950,2949,3171,P
59018,4604,5819,P
35334,3176,3404,P
33210,2403,2445,P
94247,,,P
93603,,,P
67789,3060,3362,P
7513,3544,4254,P
7526,3279,4697,P
51106,2111,3221,P
34937,2403,2445,P
13926,,,P
28948,,,P
9184,,,P
134903,,,P
7737,3504,3960,P
59017,3504,3800,P
5542,3800,4163,P
15893,4604,5819,P
27393,3283,4596,P
94235,,,P
93937,,,P
27358,,,P
9182,,,P
77048,3800,4163,P
67111,3800,4163,P
73720,3800,4163,P
133769,4163,4837,P
58972,3800,4163,P
134312,5980,7186,P
130893,2446,2983,P
59100,6148,7018,P
58770,3928,6444,P
93692,,,P
93854,,,P
15483,2859,4476,P
8730,4825,6444,P
94293,,,P
130147,,,P
118890,4825,6444,P
133612,,,P
120093,,,P
94075,,,P
94332,,,P
59025,,,P
15590,,,P
59558,,,P
10056,,,P
14512,2985,,P
27491,2859,4476,Q
5231,4604,5819,Q
4687,3060,3362,Q
93610,,,Q
100531,4604,5819,Q
6066,3362,3960,Q
74188,,,R
15354,,,R
27779,,,R
4405,,,R
4406,4602,5054,R
4425,,,R
94128,,,R
93635,,,R
7683,,,R
59085,,,R
8241,,,R
7959,,,R
7958,,,R
8259,,,R
8235,,,R
6885,4825,6444,R
93746,,,R
94654,,,R
93865,,,R
15005,4604,5581,R
14103,2417,,R
14647,3939,,R
14715,2639,3301,R
14847,,,R
13845,4604,5819,R
14016,3362,3960,R
13955,3891,4803,R
27315,4757,5647,R
94399,,,R
93820,,,R
73948,1468,,R
94032,,,R
94205,,,R
94186,,,R
93687,,,R
93714,,,R
93704,,,R
93577,,,R
93922,,,R
94094,,,R
94018,,,R
93998,,,R
93875,,,R
59561,,,R
59563,,,R
59565,,,R
59567,,,R
59569,,,R
59573,,,R
8386,,,R
34925,3928,5013,R
8018,2063,2450,R
15006,4757,5647,R
93781,,,R
94027,,,R
59577,3480,4600,R
14491,2991,3184,R
7097,2656,,R
28769,2065,2760,R
6963,,,R
6962,,,R
9535,,,R
15663,,,R
34982,,,R
112580,,,R
9183,,,R
14585,4604,5581,R
93631,,,R
93776,,,R
101504,,,R
94074,,,R
94151,,,R
94273,,,R
58771,3928,6444,R
100527,,,R
59579,3928,6444,R
93962,,,R
94371,,,R
59580,,,R
15001,,,R
29046,4407,5314,R
4353,,,R
133552,4604,5819,R
7413,2000,,R
15008,,,R
10017,2254,2477,R
133652,4604,5819,R
10054,2477,,R
9961,3130,3432,R
10045,3130,3432,R
59583,3782,5798,R
58507,3500,4739,R
59023,3928,5013,R
133419,3249,4322,R
58506,2859,4476,R
133414,4078,4594,R
133415,4078,4594,R
4607,,,R
3975,4602,5054,R
14287,4751,,R
133417,3249,4322,R
15512,2859,4476,R
58510,2859,4476,R
4416,2859,4476,R
4428,4602,5054,R
8426,2859,4476,R
884,2859,4476,R
4265,4602,5054,R
4507,3960,4737,R
70151,2859,4476,R
4641,3960,4737,R
4032,4602,5054,R
8883,,,R
14404,,,R
94191,,,R
93811,,,R
8888,2469,3049,R
14410,,,R
134896,,,R
698,4108,4695,R
713,2347,2464,R
714,2699,,R
27384,4604,5581,R
94049,,,R
93764,,,R
59584,3928,6444,R
14069,,,R
6886,4407,5314,R
94184,,,R
15003,4509,5073,R
6357,3375,4249,R
4879,3060,3362,R
93697,,,R
93867,,,R
8980,2944,3256,R
6358,3375,4249,R
4312,,,R
2243,,,R
2234,,,R
2085,3060,3362,R
2233,,,R
93930,,,R
93652,,,R
27530,,,R
4569,3523,4146,R
59588,,,R
59590,,,R
73688,,,R
59592,,,R
59594,,,R
93975,,,R
94044,,,R
94039,,,R
94419,,,R
93726,,,R
94154,,,R
93691,,,R
94017,,,R
93816,,,R
94055,,,R
10027,3130,3432,R
3731,2254,2477,R
1911,3060,3362,R
8133,1924,2254,S
7542,3032,3490,S
7359,3881,5676,S
8401,2000,,S
8397,2000,,S
28331,4604,5581,S
93983,,,S
3540,3526,3805,S
35029,2178,,S
35025,2178,,S
35027,2178,,S
3733,2254,2477,S
8742,2825,3128,S
1377,,,S
6887,2833,3234,S
27396,,,S
29471,,,S
10290,2735,3224,S
94046,,,S
128359,,,S
8412,2000,,S
8411,2000,,S
7081,,,S
15932,,,S
59020,3781,4626,S
4041,,,S
7106,2701,3782,S
10279,,,S
93949,,,S
94117,,,S
6920,2433,2853,S
6921,2433,2853,S
94356,,,S
93709,,,S
59012,4447,5018,S
94417,,,S
7255,,,S
14506,,,S
2784,4447,4817,S
7254,4732,5124,S
7300,3027,3505,S
7298,,,S
29405,5272,5704,S
7247,5272,5704,S
29413,5272,5704,S
3753,3890,4629,S
7040,2433,2853,S
7262,4629,,S
7273,3890,4586,S
10281,,,S
10060,3102,3890,S
8491,,,S
8492,3342,3745,S
4057,,,S
7318,2825,3128,S
93906,,,S
94266,,,S
59255,5363,5720,S
2574,,,S
2136,3342,3745,S
15931,,,S
5945,3279,4697,S
3957,,,S
8213,,,S
8214,,,S
35205,2820,3159,S
1345,3420,3839,S
3513,2125,2489,S
3487,,,S
3490,2898,3168,S
3502,2898,3168,S
9342,2827,3092,S
130251,,,S
109458,,,S
9309,,,S
9345,,,S
109427,4825,6444,S
9462,3928,6444,S
9303,,,S
9764,4560,6179,S
9036,3782,5798,S
4118,,,S
15545,3060,3362,S
2050,3060,3362,S
2047,3060,3362,S
2054,3060,3362,S
2053,3060,3362,S
2041,,,S
4906,4604,5819,S
27258,3342,,S
14008,3342,3745,S
5388,3800,4163,S
2074,,,S
30257,3342,3863,S
8866,2588,3173,S
119249,2825,3128,S
27269,2099,2497,S
27270,2099,2497,S
132574,,,S
9554,,,S
9495,,,S
3379,2403,2445,S
3380,3768,,S
7143,2563,2640,S
3045,2403,2445,S
3046,3768,,S
15009,3060,3362,S
14912,3504,3800,S
59015,,,S
59598,,,S
93964,,,S
93910,,,S
93835,,,S
94132,,,S
126685,,,S
134905,,,S
35309,2509,2649,S
33360,2382,,S
5030,4604,5819,S
6972,2377,3001,S
70148,,,S
126753,3504,3960,S
14006,3135,3646,S
28758,3135,3646,S
94059,,,S
94103,,,S
69769,,,S
134232,,,S
94155,,,S
94021,,,S
15269,3504,3960,S
1470,3420,3839,S
13655,3695,,S
58772,,,S
94012,,,S
94189,,,S
134237,4604,5819,S
58773,,,S
93903,,,S
93840,,,S
13874,,,S
9483,,,S
59606,,,S
59608,,,S
59602,,,S
94369,,,S
93892,,,S
94315,,,S
93912,,,S
93710,,,S
93931,,,S
93670,,,S
15650,,,S
126684,3485,4272,S
130165,4604,5819,S
15274,3504,3960,S
15260,3504,3960,S
94195,,,S
93624,,,S
9941,,,S
15491,4334,4831,S
93552,2329,,S
8400,2000,,S
8408,2000,,S
59059,2477,2718,S
15835,2943,4368,S
8415,2000,,S
29391,2701,2958,S
59614,,,S
59616,4560,6179,S
124271,,,S
124272,,,S
9089,3782,4897,S
58775,3480,4600,S
9031,2825,3128,S
93948,,,S
94317,,,S
94208,,,S
93966,,,S
9014,2859,4476,S
59618,,,S
93857,,,S
94415,,,S
9170,2527,3187,S
59553,4825,6444,S
58505,3928,6444,S
94140,,,S
7930,3257,3353,S
7936,2825,3128,S
7946,2825,3128,S
7931,2825,3128,S
7932,2825,3128,S
93680,,,S
93585,,,S
58776,,,S
100532,,,S
94127,,,S
93693,,,S
1455,,,S
14470,2254,2477,S
4188,,,S
14339,,,S
8778,3928,5013,S
2704,3060,3362,S
1823,3060,3362,S
14449,2825,3128,S
15680,6196,7958,S
15652,2825,3128,S
58343,2827,3332,S
4563,3060,3362,S
9477,2827,3332,S
9591,3928,5013,S
93594,,,S
94223,,,S
15648,,,S
59684,4825,6444,S
100518,3782,5798,S
93623,,,S
14408,,,S
93955,,,S
93673,,,S
14706,3928,6444,S
94157,,,S
94083,,,S
58777,4825,6444,S
8763,3928,5013,S
59622,,,S
59625,,,S
776,3470,,S
13824,4602,5054,S
14692,,,S
14407,3362,3960,S
3048,2403,2445,S
93800,,,S
94336,,,S
14071,,,S
59411,3928,6444,S
94326,,,S
94390,,,S
59338,4604,5819,S
491,2699,,S
122285,3060,3362,S
5110,3283,4596,S
28020,7172,7698,S
14790,2859,4476,S
94042,,,S
93961,,,S
58778,3782,5798,S
7440,,,S
864,4143,4660,S
58966,,,S
863,,,S
862,,,S
8865,,,S
7567,,,S
7573,,,S
7296,2537,2664,S
94349,,,S
93715,,,S
8198,3928,6444,S
8861,2859,4476,S
8197,3928,6444,S
14018,3072,,S
108543,5640,6514,S
4105,,,S
4107,4602,5054,S
7194,2825,3128,S
7195,2859,4476,S
9090,3928,6444,S
4248,,,S
14295,,,S
4249,4602,5054,S
34931,2827,3332,S
8607,,,S
6607,2515,3020,S
9038,3928,5013,S
9770,4825,6444,S
124029,2832,3228,S
8725,4825,6444,S
14283,3800,4163,S
9497,,,S
15543,,,S
8251,4825,6444,S
51015,3891,4803,S
7741,4604,5819,S
94031,,,S
93985,,,S
5525,3800,4163,S
117134,5581,5819,S
59626,3782,5798,S
59629,1821,,S
94105,,,S
94137,,,S
8406,,,T
9942,,,T
33346,,,T
134899,,,T
134895,,,T
6722,,,T
94054,,,T
93984,,,T
15677,,,T
8755,,,T
120094,,,T
9511,,,T
15664,2000,,T
13950,,,T
7166,,,T
14065,2604,3258,T
14302,3135,3646,T
5620,3182,3524,T
8506,2395,2849,T
5572,3135,3646,T
2874,3135,3646,T
6379,3182,3524,T
13625,3182,3524,T
33197,3135,3646,T
90571,3060,3362,T
90588,3060,3362,T
448,2699,,T
5687,3746,4164,T
29470,3746,4164,T
5631,3746,4164,T
5688,3119,,T
5644,3746,4164,T
5654,3746,4164,T
5621,3746,4164,T
5671,3119,,T
5933,3279,4697,T
5932,3279,4697,T
5936,3279,4697,T
5727,3470,,T
6316,2859,4476,T
5762,3470,,T
5802,3891,4803,T
5797,2859,4476,T
5798,3891,4803,T
5795,2859,4476,T
5996,3420,3839,T
126659,3499,4078,T
5573,3800,4163,T
5521,2859,4476,T
5536,3800,4163,T
5505,3800,4163,T
10143,2859,4476,T
58501,,,T
5811,,,T
58499,,,T
5813,3891,4803,T
5444,3800,4163,T
14056,2699,,T
6462,,,T
5820,3800,4163,T
660,3223,3850,T
58473,2608,3187,T
14565,2608,3187,T
15686,3350,3780,T
6067,3470,,T
5776,3800,4163,T
5986,2562,3541,T
5983,3262,3895,T
134253,2562,3541,T
5984,3262,3895,T
6069,2859,4476,T
5458,2897,3046,T
123342,3800,4163,T
5966,3523,3848,T
5958,3523,3848,T
7849,3800,4367,T
58471,3800,4367,T
7845,3800,4367,T
5460,2897,3046,T
6046,2859,4476,T
5423,3499,4078,T
5980,3117,3861,T
5842,3800,4163,T
5422,3499,4078,T
5992,3891,4803,T
5876,4092,,T
14381,3800,4163,T
5873,3800,4163,T
14379,3597,4036,T
93488,3597,4036,T
14501,3800,4163,T
5875,3597,4036,T
59027,3800,4163,T
5429,3800,4163,T
5407,3800,4163,T
5411,3800,4163,T
5386,3800,4163,T
5409,3800,4163,T
5390,3800,4163,T
5485,3800,4163,T
5338,3800,4163,T
5413,3800,4163,T
5488,3800,4163,T
5486,3800,4163,T
123606,3800,4163,T
5414,3800,4163,T
5576,3800,4367,T
6047,2859,4476,T
58467,3800,4163,T
5646,3800,4163,T
5643,3800,4163,T
58463,3800,4163,T
5878,4174,,T
5490,3800,4163,T
58460,3800,4163,T
5959,4279,,T
5827,2859,4476,T
134753,3800,4163,T
5463,2897,3046,T
5930,2898,3168,T
5938,2898,3168,T
5716,2859,4476,T
5981,4403,,T
58440,3000,3806,T
444,2859,4476,T
58477,3678,4375,T
6054,3891,4803,T
6051,3831,,T
6055,3831,,T
6056,3831,,T
6020,3119,,T
58456,3119,,T
5701,2859,4476,T
13752,2699,,T
5841,2859,4476,T
89228,3800,4163,T
6004,,,T
93880,,,T
94404,,,T
94084,,,T
94331,,,T
9695,3800,4163,T
9734,5334,,T
6602,3504,3800,T
14899,3544,4254,T
14897,3544,4254,T
8014,3544,4254,T
9733,3504,3800,T
8004,3504,3800,T
3388,,,T
8512,1918,,T
76568,3060,3362,T
76569,3060,3362,T
76573,3060,3362,T
67654,,,T
8291,,,T
58779,,,T
5233,3928,6444,T
90585,2495,2725,T
90575,3060,3362,T
90591,2495,2725,T
29420,4732,5124,T
93887,,,T
94108,,,T
93742,,,T
125529,,,T
93722,,,T
94245,,,T
93992,,,T
93794,,,T
59498,3782,5798,T
3642,3158,,T
5360,3362,3960,T
7389,2509,2649,T
7391,,,T
9546,,,T
4393,,,T
28874,,,T
7184,3695,4042,T
15887,,,T
7329,,,T
15589,,,T
126794,2437,,T
126796,2437,,T
93588,,,T
94339,,,T
124276,,,T
124275,,,T
59271,4067,5278,T
1457,2403,2445,T
90014,,,T
90019,,,T
90008,,,T
90017,,,T
90013,,,T
90011,,,T
122405,3768,,T
6419,2706,3307,T
10211,1951,2202,T
10213,2618,,T
59042,,,T
13673,2000,,T
13672,2000,,T
93614,,,T
94007,,,T
3261,2000,,T
94146,,,T
94135,,,T
58780,4825,6444,T
58699,,,T
100512,,,T
90388,,,T
122501,,,T
58749,,,T
59633,,,T
94238,,,T
94073,,,T
94653,,,T
94308,,,T
94028,,,T
93812,,,T
93859,,,T
122463,,,T
94280,,,T
93572,,,T
94648,,,T
94067,,,T
94092,,,T
128348,,,T
94318,,,T
1083,,,T
1084,,,T
132661,,,T
132660,,,T
132662,,,T
132663,,,T
132659,,,T
59339,5636,6302,T
807,,,T
3768,2854,,T
58781,4341,6052,T
134901,,,T
565,,,T
526,2859,4476,T
8222,2443,2657,T
550,,,T
93667,,,T
93785,,,T
33214,1954,2008,T
547,3182,3524,T
531,2827,3332,T
533,2825,3128,T
532,2825,3128,T
9851,,,T
112023,,,T
330,2347,2464,T
367,2347,2464,T
313,2347,2464,T
319,2347,2464,T
361,2347,2464,T
329,2699,,T
368,2699,,T
312,2699,,T
318,2699,,T
360,2699,,T
4460,,,T
14297,2859,4476,T
4483,,,T
4471,3274,3960,T
93923,,,T
120100,,,T
8521,2395,2849,T
58782,3749,4759,T
8522,2709,3073,T
93277,2065,2760,T
94085,,,T
94038,,,T
13620,2065,2760,T
14043,2703,3439,T
5275,4560,6179,T
94183,,,T
14067,3258,,T
7427,2339,2392,T
35004,,,T
15930,,,T
4019,,,T
7558,,,T
15507,,,T
4289,,,T
4191,,,T
2325,3060,3362,T
59637,,,T
94309,,,T
93902,,,T
66477,3135,5341,U
2502,,,U
2503,3342,3745,U
8203,3928,6444,U
5295,4757,5647,U
8196,,,U
93883,,,U
93972,,,U
59311,4757,5647,U
27622,4757,5647,U
6321,2825,3128,U
6045,3025,3227,U
93968,,,U
93822,,,U
94364,,,U
94287,,,U
59639,3782,4897,U
6898,4407,5314,U
7505,,,U
93831,,,U
94112,,,U
93644,,,U
94413,,,U
2084,,,U
130999,4604,5819,U
14990,,,V
14448,2825,3128,V
94302,,,V
94340,,,V
14401,,,V
10147,3375,6179,V
1211,2889,2921,V
119370,2889,2921,V
50949,2889,2921,V
1208,2889,2921,V
1209,2889,2921,V
50947,2889,2921,V
1210,2889,2921,V
4613,3060,3362,V
15146,3060,3362,V
14318,2106,2485,V
27429,,,V
946,3138,3294,V
948,3138,3294,V
949,3138,3294,V
947,3138,3294,V
950,3138,3294,V
94102,,,V
94160,,,V
130257,2828,,V
130255,2828,,V
130918,2395,,V
130922,3060,3362,V
130919,3060,3362,V
130923,2395,,V
4640,,,V
4642,3523,4146,V
14075,4560,6179,V
27310,4825,6444,V
27495,,,V
6628,2389,2708,V
14354,2385,2789,V
27351,2385,2789,V
6641,2389,2708,V
631,,,V
129226,2950,3526,V
14587,3060,3362,V
6614,,,V
59341,3928,6444,V
93783,,,V
124465,,,V
7340,,,V
93762,,,V
93608,,,V
15608,3928,6444,V
9771,4560,6179,V
15524,2443,2657,V
7003,2639,3301,V
6686,3499,,V
58741,3782,5798,V
94095,,,V
94427,,,V
77492,3182,3524,V
77495,3182,3524,V
7068,,,V
7072,2620,3320,V
93997,,,V
93595,,,V
14347,2859,4476,V
6888,2833,3234,V
6880,,,V
94057,,,V
94070,,,V
6889,4407,5314,V
6890,2833,3234,V
7058,,,V
6895,3325,3821,V
6892,2833,3234,V
6881,,,V
94035,,,V
94019,,,V
27352,4560,6179,V
6609,3060,3362,V
7509,3800,4163,V
34926,3800,4163,V
15907,4604,5819,V
5545,3800,4163,V
409,2699,,V
33220,3928,6444,V
7603,3928,6444,V
29138,2825,3128,V
7934,2825,3128,V
7933,2825,3128,V
7929,2825,3128,V
14349,2825,3128,V
7944,2825,3128,V
7925,2827,3332,V
93568,,,V
59317,,,V
15695,,,V
94227,,,V
93643,,,V
59641,3928,5013,V
59643,,,V
2032,,,V
8989,3025,3227,V
14200,,,V
134192,4604,5819,V
9926,2124,2704,V
14220,2826,3420,V
8748,2944,3256,V
59645,,,V
58783,,,V
94147,,,V
93658,,,V
50899,,,V
133723,,,V
133714,3199,,V
133721,,,V
4620,4042,,V
133713,,,V
6411,2783,,V
3929,,,V
133717,2968,3338,V
133715,3940,,V
133716,3940,,V
133726,2480,,V
490,2464,,V
133722,,,V
133719,,,V
133718,3362,,V
133727,,,V
133724,,,V
842,,,V
133720,2988,,V
4185,,,V
133725,,,V
1942,2985,3135,V
4448,,,V
78510,,,V
7152,3125,4863,W
130170,2257,,W
1164,3781,4626,W
4278,,,W
4281,4602,5054,W
4293,,,W
29045,3032,3490,W
8636,,,W
93886,,,W
93729,,,W
1628,2395,,W
7419,2339,2392,W
104708,3485,4272,W
2317,3362,3960,W
94286,,,W
93728,,,W
4171,2825,3128,W
58502,4602,5054,W
4765,3678,4375,W
9484,,,W
15125,3499,,W
8637,,,W
93711,,,W
94171,,,W
452,3375,4249,W
3777,2699,,W
450,3375,4249,W
122362,2347,2464,W
35001,,,W
59029,,,W
6981,3800,4163,W
7026,,,W
93678,,,W
94313,,,W
6226,3646,3960,W
76769,3088,3582,W
51006,3204,3781,W
8010,3241,,W
8844,3088,3582,W
3939,,,W
13822,,,W
8072,3781,3891,W
6082,3646,3960,W
126855,,,W
122368,3088,3582,W
6376,3060,3362,W
122367,3060,3362,W
6375,3060,3362,W
94050,,,W
94351,,,W
29051,3060,3362,W
1921,3060,3362,W
6779,4509,5073,W
6793,2604,3258,W
7079,,,W
716,2347,2464,W
294,2347,2464,W
295,2699,,W
15426,2380,2532,W
582,2608,3187,W
10129,3050,3456,W
412,2699,,W
3861,4174,,W
457,2699,,W
9751,3782,5798,W
94291,,,W
93753,,,W
59249,4757,5647,W
14552,4825,6444,W
133032,3504,3800,W
34966,3928,6444,W
34965,3928,6444,W
59647,4825,6444,W
93916,,,W
93569,,,W
28611,3800,4367,W
58784,4604,5819,W
7846,4163,4837,W
58785,4604,5819,W
94076,,,W
93653,,,W
58786,,,W
59500,4407,5314,W
58787,,,W
94093,,,W
93645,,,W
94058,,,W
93844,,,W
59543,4604,5819,W
7564,,,W
59555,,,W
93879,,,W
93894,,,W
93971,,,W
93735,,,W
8317,3060,3362,W
94072,,,W
94110,,,W
9272,,,W
130953,3483,3812,W
9603,,,Y
7101,2151,2744,Z
10053,2254,2477,Z
58788,4695,6035,Z
8949,2182,2369,Z
93780,,,Z
94060,,,Z
14704,2182,2369,Z
8931,2728,2961,Z
28260,2728,2961,Z
15490,2728,2961,Z
2622,,,Z
2619,,,Z
2623,2859,4476,Z
8605,,,Z
29053,3060,3362,Z
4042,,,Z
4010,,,Z
14299,,,Z
4011,4602,5054,Z
14076,4560,6179,Z
7121,2656,,Z
7175,2410,,Z
10052,2656,,Z
100528,4604,5819,Z
124509,,,Z
124510,,,Z
2682,3523,4146,Z
3271,2437,,Z
122259,4078,4594,Z
122260,2950,3526,Z
2474,4078,4594,Z
2473,,,Z
124409,3060,3362,Z
124410,2991,3184,Z
59008,5272,5704,Z
9015,2944,3256,Z
