,letter,ID
0,A,94380
1,A,93943
2,A,8202
3,A,10154
4,A,4710
5,A,10251
6,A,14475
7,A,15647
8,A,132516
9,A,59161
10,A,94099
11,A,94097
12,A,133352
13,A,59233
14,A,94180
15,A,94368
16,A,94082
17,A,90071
18,A,93756
19,A,94200
20,A,58714
21,A,100520
22,A,59533
23,A,30255
24,A,29414
25,A,94216
26,A,93885
27,A,93798
28,A,94177
29,A,93737
0,A,93924
1,A,93863
2,A,93967
3,A,9063
4,A,9065
5,A,14640
6,A,94172
7,A,94234
8,A,100535
9,A,15615
10,A,13952
11,A,51027
12,A,5281
13,A,94283
14,A,94036
15,A,58681
16,A,93860
17,A,94360
18,A,14509
19,A,27308
20,A,14324
21,A,6773
22,A,29047
23,A,15164
24,A,2968
25,A,59169
26,A,7754
27,A,7070
28,A,58682
29,A,27476
0,A,14991
1,A,59171
2,A,94355
3,A,94297
4,A,9131
5,A,94382
6,A,59173
7,A,128340
8,A,130772
9,A,13982
10,A,5215
11,A,14801
12,A,9765
13,A,67308
14,A,6006
15,A,9791
16,A,58573
17,A,94306
18,A,94213
19,A,15706
20,A,93960
21,A,94016
22,A,58685
23,A,93604
24,A,94174
25,A,28504
26,A,7024
27,A,7023
28,A,34754
29,A,5291
0,A,58709
1,A,90902
2,A,8945
3,A,4303
4,A,15018
5,A,27268
6,A,28630
7,A,14616
8,A,27411
9,A,9996
10,A,67663
11,A,7850
12,A,7848
13,A,7743
14,A,7798
15,A,8564
16,A,67112
17,A,14532
18,A,7020
19,A,15011
20,A,27458
21,A,15424
22,A,28863
23,A,27350
24,A,14497
25,A,111614
26,A,34928
27,A,15014
28,A,14763
29,A,8702
0,A,8634
1,A,93929
2,A,59535
3,A,9599
4,A,8782
5,A,10181
6,A,120098
7,A,120099
8,A,8526
9,A,59038
10,A,15462
11,A,27427
12,A,820
13,A,821
14,A,822
15,A,819
16,A,8517
17,A,130025
18,A,27385
19,A,14338
20,A,93766
21,A,93993
22,A,2634
23,A,2635
24,A,2631
25,A,2630
26,A,2636
27,A,7085
28,A,77111
29,A,132718
0,A,132717
1,A,132719
2,A,132721
3,A,132723
4,A,132724
5,A,126840
6,A,4003
7,A,9673
8,A,27469
9,A,9634
10,A,9152
11,A,6093
12,A,14645
13,A,6727
14,A,7172
15,A,6876
16,A,6728
17,A,14050
18,A,14198
19,A,77951
20,A,93864
21,A,93755
22,A,59039
23,A,4474
24,A,2068
25,A,15609
26,A,126837
27,A,126835
28,A,94202
29,A,94277
0,A,35326
1,A,6622
2,A,94264
3,A,93777
4,A,59163
5,A,93856
6,A,93913
7,A,33209
0,B,8109
1,B,3626
2,B,3657
3,B,3641
4,B,3629
5,B,4812
6,B,8393
7,B,59175
8,B,93750
9,B,93833
10,B,94194
11,B,10022
12,B,10023
13,B,6755
14,B,6749
15,B,10077
16,B,10049
17,B,10080
18,B,15023
19,B,27726
20,B,7675
21,B,4836
22,B,93754
23,B,93633
24,B,27729
25,B,8602
26,B,2727
27,B,4823
28,B,4360
29,B,7409
0,B,93676
1,B,94026
2,B,7673
3,B,2172
4,B,8193
5,B,2215
6,B,5626
7,B,2309
8,B,4824
9,B,590
10,B,94113
11,B,94096
12,B,10234
13,B,5112
14,B,6819
15,B,852
16,B,93978
17,B,13727
18,B,15528
19,B,4480
20,B,4304
21,B,27304
22,B,13741
23,B,4016
24,B,134553
25,B,14100
26,B,13915
27,B,7635
28,B,35301
29,B,8346
0,B,15868
1,B,13987
2,B,7626
3,B,7654
4,B,7937
5,B,15746
6,B,5145
7,B,8328
8,B,6813
9,B,6814
10,B,6815
11,B,8163
12,B,89249
13,B,7928
14,B,133771
15,B,129447
16,B,129445
17,B,15368
18,B,8177
19,B,13916
20,B,8176
21,B,704
22,B,129287
23,B,34981
24,B,8188
25,B,8189
26,B,8187
27,B,50900
28,B,15785
29,B,134532
0,B,7942
1,B,7627
2,B,8271
3,B,13920
4,B,13977
5,B,130193
6,B,7624
7,B,77208
8,B,13892
9,B,7650
10,B,7658
11,B,7941
12,B,34988
13,B,35303
14,B,14953
15,B,14954
16,B,15447
17,B,15449
18,B,35305
19,B,120029
20,B,35307
21,B,7629
22,B,5228
23,B,5224
24,B,7935
25,B,8165
26,B,5855
27,B,5856
28,B,15698
29,B,7651
0,B,7943
1,B,2153
2,B,2154
3,B,4308
4,B,5924
5,B,27273
6,B,129450
7,B,134898
8,B,129451
9,B,9155
10,B,29233
11,B,27386
12,B,535
13,B,756
14,B,757
15,B,8626
16,B,76437
17,B,76429
18,B,67309
19,B,122352
20,B,8174
21,B,7342
22,B,7344
23,B,13794
24,B,77128
25,B,59179
26,B,122541
27,B,94301
28,B,8628
29,B,9532
0,B,9478
1,B,8227
2,B,77301
3,B,15577
4,B,3980
5,B,13747
6,B,3993
7,B,59022
8,B,4833
9,B,4834
10,B,3998
11,B,3987
12,B,964
13,B,129325
14,B,9066
15,B,59013
16,B,6025
17,B,6139
18,B,569
19,B,15034
20,B,29214
21,B,14337
22,B,14513
23,B,14520
24,B,7466
25,B,13725
26,B,14471
27,B,5969
28,B,5812
29,B,58550
0,B,5462
1,B,5369
2,B,9612
3,B,14848
4,B,15709
5,B,5546
6,B,4456
7,B,9731
8,B,27401
9,B,27261
10,B,59031
11,B,14892
12,B,58558
13,B,411
14,B,9737
15,B,6556
16,B,6744
17,B,10004
18,B,7551
19,B,28494
20,B,28221
21,B,6540
22,B,15472
23,B,58963
24,B,58968
25,B,58970
26,B,34998
27,B,7887
28,B,6536
29,B,58980
0,B,35295
1,B,58556
2,B,6542
3,B,58965
4,B,9732
5,B,7685
6,B,58976
7,B,9029
8,B,9735
9,B,10002
10,B,7472
11,B,7648
12,B,59183
13,B,59185
14,B,59187
15,B,59189
16,B,59191
17,B,59195
18,B,100730
19,B,59197
20,B,59199
21,B,59201
22,B,59203
23,B,59207
24,B,59209
25,B,59213
26,B,59215
27,B,59217
28,B,59219
29,B,59223
0,B,59226
1,B,100732
2,B,59488
3,B,59227
4,B,100734
5,B,6003
6,B,93996
7,B,93952
8,B,9091
9,B,27457
10,B,93926
11,B,93927
12,B,7696
13,B,15036
14,B,94182
15,B,93744
16,B,59229
17,B,8428
18,B,106039
19,B,27786
20,B,9153
21,B,9787
22,B,93963
23,B,100537
24,B,9678
25,B,132512
26,B,7285
27,B,131061
28,B,93849
29,B,94316
0,B,58688
1,B,94025
2,B,93683
3,B,58689
4,B,9924
5,B,59235
6,B,94165
7,B,94125
8,B,6322
9,B,2710
10,B,6315
11,B,94312
12,B,93702
13,B,67148
14,B,130354
15,B,94053
16,B,13898
17,B,58487
18,B,58483
19,B,13894
20,B,93349
21,B,94129
22,B,94086
23,B,93787
24,B,9749
25,B,93732
26,B,94370
27,B,90110
28,B,131692
29,B,125525
0,B,94402
1,B,93866
2,B,59538
3,B,93939
4,B,93957
5,B,93810
6,B,93601
7,B,100539
8,B,1730
9,B,2768
10,B,132513
11,B,8745
12,B,15144
13,B,6967
14,B,6785
15,B,4539
16,B,4540
17,B,2674
18,B,2676
19,B,1871
20,B,4199
21,B,4776
22,B,4552
23,B,90474
24,B,90469
25,B,7267
26,B,7186
27,B,9548
28,B,115578
29,B,15038
0,B,94402
1,B,93866
2,B,59538
3,B,93939
4,B,93957
5,B,93810
6,B,93601
7,B,100539
8,B,1730
9,B,2768
10,B,132513
11,B,8745
12,B,15144
13,B,6967
14,B,6785
15,B,4539
16,B,4540
17,B,2674
18,B,2676
19,B,1871
20,B,4199
21,B,4776
22,B,4552
23,B,90474
24,B,90469
25,B,7267
26,B,7186
27,B,9548
28,B,115578
29,B,15038
0,B,8499
1,B,58692
2,B,8502
3,B,14080
4,B,8510
5,B,8409
6,B,8405
7,B,4500
8,B,15046
9,B,130315
10,B,1556
11,B,7169
12,B,15350
13,B,133472
14,B,15007
0,C,58454
1,C,14022
2,C,14025
3,C,14688
4,C,29399
5,C,14964
6,C,27267
7,C,14464
8,C,7467
9,C,134894
10,C,7327
11,C,10034
12,C,28019
13,C,7328
14,C,90188
15,C,94225
16,C,93947
17,C,94396
18,C,94185
19,C,13809
20,C,1169
21,C,1143
22,C,58694
23,C,5793
24,C,94166
25,C,93682
26,C,130952
27,C,134613
28,C,134512
29,C,10042
0,C,117083
1,C,2436
2,C,2437
3,C,59252
4,C,93637
5,C,8398
6,C,14962
7,C,133473
8,C,27289
9,C,1872
10,C,1795
11,C,1935
12,C,1832
13,C,1891
14,C,7333
15,C,125536
16,C,94244
17,C,15127
18,C,14586
19,C,89949
20,C,27272
21,C,58695
22,C,93640
23,C,93872
24,C,94078
25,C,93768
26,C,59496
27,C,100522
28,C,93721
29,C,93851
0,C,14398
1,C,51002
2,C,134900
3,C,15461
4,C,134373
5,C,14345
6,C,132575
0,D,4302
1,D,129406
2,D,4051
3,D,4038
4,D,9914
5,D,129987
6,D,14993
7,D,27353
8,D,8261
9,D,129986
10,D,129988
11,D,7279
12,D,5848
13,D,10032
14,D,10041
15,D,9761
16,D,94395
17,D,5090
18,D,8355
19,D,123685
20,D,15837
21,D,15836
22,D,100525
23,D,94386
24,D,93965
25,D,14557
26,D,14326
27,D,14217
28,D,13968
29,D,8459
0,D,14319
1,D,59253
2,D,13624
3,D,3814
4,D,3816
5,D,5375
6,D,14346
7,D,93664
8,D,93716
9,D,133692
10,D,114216
11,D,13889
12,D,8899
13,D,8902
14,D,3742
15,D,9897
16,D,9896
17,D,9084
18,D,9083
19,D,93899
20,D,93829
21,D,7164
22,D,134897
23,D,128337
24,D,128338
25,D,6879
26,D,58696
27,D,94100
28,D,94421
29,D,8421
0,D,33344
1,D,14094
2,D,133420
3,D,59274
4,D,6794
5,D,94207
6,D,94005
7,D,8302
8,D,8303
9,D,15365
10,D,9078
11,D,9178
12,D,9449
13,D,9284
14,D,30226
15,D,8282
16,D,93809
17,D,94162
18,D,1529
19,D,1528
20,D,1539
21,D,59034
22,D,4795
23,D,6712
24,D,93982
25,D,94023
26,D,1424
27,D,15419
28,D,15355
0,E,134892
1,E,8279
2,E,14994
3,E,134756
4,E,133292
5,E,6418
6,E,2610
7,E,897
8,E,131163
9,E,131165
10,E,131166
11,E,131167
12,E,94241
13,E,100519
14,E,15057
15,E,7729
16,E,15060
17,E,8963
18,E,6600
19,E,59145
20,E,8170
21,E,7139
22,E,8095
23,E,3983
24,E,7119
25,E,7111
26,E,3911
27,E,9549
28,E,2774
29,E,15481
0,E,2842
1,E,120089
2,E,120090
3,E,134713
4,E,15630
5,E,15623
6,E,2793
7,E,15636
8,E,15621
9,E,134715
10,E,15632
11,E,59048
12,E,59049
13,E,59047
14,E,122382
15,E,134719
16,E,134718
17,E,58995
18,E,2072
19,E,94126
20,E,94219
21,E,2738
22,E,5502
23,E,10019
24,E,14469
25,E,10018
26,E,133332
27,E,94198
28,E,93845
29,E,93410
0,E,93636
1,E,93778
2,E,8369
3,E,15927
4,E,74028
5,E,4598
6,E,89995
7,E,93976
8,E,13985
9,E,59014
10,E,100541
11,E,94115
12,E,15255
13,E,4807
14,E,8779
15,E,8774
16,E,93745
17,E,15669
18,E,13890
19,E,93917
20,E,93609
21,E,93657
22,E,94211
23,E,1931
24,E,27544
25,E,27543
26,E,27545
27,E,27546
28,E,29421
29,E,9097
0,E,9162
1,E,9106
2,E,9103
3,E,93741
4,E,93663
5,E,9045
6,E,4390
7,E,4391
8,E,10050
9,E,133432
10,E,58698
11,E,93990
12,E,93839
13,E,13622
14,E,93612
15,E,93642
16,E,9598
17,E,100511
18,E,8783
19,E,14079
20,E,93827
21,E,35201
22,E,35200
23,E,6546
24,E,1232
0,F,593
1,F,6338
2,F,34990
3,F,15569
4,F,34992
5,F,7706
6,F,8141
7,F,14834
8,F,35011
9,F,69709
10,F,14837
11,F,100809
12,F,9496
13,F,35268
14,F,8348
15,F,8329
16,F,8349
17,F,8347
18,F,14388
19,F,59087
20,F,58985
21,F,27365
22,F,27359
23,F,27361
24,F,27360
25,F,27362
26,F,27363
27,F,27364
28,F,27367
29,F,27497
0,F,27368
1,F,27369
2,F,27498
3,F,27370
4,F,27371
5,F,27372
6,F,27373
7,F,27380
8,F,8649
9,F,27381
10,F,27382
11,F,27383
12,F,27499
13,F,27500
14,F,27509
15,F,27512
16,F,27506
17,F,27520
18,F,27501
19,F,27513
20,F,27514
21,F,27505
22,F,27515
23,F,27516
24,F,27502
25,F,27510
26,F,27511
27,F,27366
28,F,27517
29,F,27507
0,F,27503
1,F,27518
2,F,27519
3,F,27504
4,F,15120
5,F,134653
6,F,131094
7,F,132515
8,F,35217
9,F,9059
10,F,4600
11,F,15063
12,F,7855
13,F,35019
14,F,14045
15,F,13984
16,F,33356
17,F,7856
18,F,133556
19,F,133560
20,F,7847
21,F,7972
22,F,14106
23,F,6543
24,F,58794
25,F,14681
26,F,134762
27,F,14683
28,F,130071
29,F,14578
0,F,58798
1,F,69689
2,F,14830
3,F,58796
4,F,14755
5,F,35009
6,F,14792
7,F,14026
8,F,50978
9,F,9602
10,F,51031
11,F,134933
12,F,7474
13,F,15085
14,F,3820
15,F,132573
16,F,10087
17,F,5608
18,F,34996
19,F,57895
20,F,35021
21,F,134853
22,F,126669
23,F,14757
24,F,33362
25,F,27448
26,F,51039
27,F,3898
28,F,126792
29,F,90009
0,F,14014
1,F,15081
2,F,58552
3,F,129419
4,F,14003
5,F,34980
6,F,34993
7,F,10128
8,F,14029
9,F,14759
10,F,29406
11,F,14463
12,F,14374
13,F,9666
14,F,129457
15,F,14754
16,F,14376
17,F,126756
18,F,122290
19,F,122292
20,F,122286
21,F,122288
22,F,14462
23,F,14452
24,F,134760
25,F,14461
26,F,14453
27,F,130069
28,F,14458
29,F,58792
0,F,69688
1,F,14456
2,F,14460
3,F,27539
4,F,9392
5,F,9384
6,F,9387
7,F,9338
8,F,9358
9,F,9312
10,F,59057
11,F,14088
12,F,14216
13,F,28816
14,F,9997
15,F,58512
16,F,125587
17,F,90101
18,F,3258
19,F,2858
20,F,130180
21,F,1495
22,F,119768
23,F,29092
24,F,3627
25,F,2857
26,F,1302
27,F,7883
28,F,132092
29,F,124466
0,F,2739
1,F,14969
2,F,3673
3,F,134513
4,F,14867
5,F,3946
6,F,4463
7,F,129285
8,F,34976
9,F,2376
10,F,119628
11,F,10254
12,F,94629
13,F,487
14,F,4585
15,F,2261
16,F,134912
17,F,58342
18,F,58313
19,F,6496
20,F,10212
21,F,4110
22,F,125540
23,F,1802
24,F,10187
25,F,4012
26,F,579
27,F,10088
28,F,50987
29,F,4708
0,F,14818
1,F,6649
2,F,93274
3,F,3747
4,F,129985
5,F,77408
6,F,132076
7,F,132075
8,F,77628
9,F,15326
10,F,15336
11,F,15332
12,F,15064
13,F,14766
14,F,6709
15,F,6664
16,F,14614
17,F,14866
18,F,6663
19,F,14767
20,F,14764
21,F,6659
22,F,6655
23,F,15168
24,F,29385
25,F,50920
26,F,50924
27,F,50922
28,F,14865
29,F,6661
0,F,14468
1,F,6662
2,F,6658
3,F,6660
4,F,6654
5,F,14864
6,F,14765
7,F,14325
8,F,6635
9,F,6665
10,F,29386
11,F,3009
12,F,77549
13,F,130353
14,F,13602
15,F,6754
16,F,7967
17,F,58790
18,F,15029
19,F,6696
20,F,119345
21,F,7688
22,F,133373
23,F,126566
24,F,35299
25,F,14804
26,F,15700
27,F,6781
28,F,7063
29,F,7473
0,F,15581
1,F,122248
2,F,34986
3,F,122246
4,F,6535
5,F,14749
6,F,8016
7,F,7056
8,F,7966
9,F,58334
10,F,58570
11,F,122250
12,F,74108
13,F,122245
14,F,126568
15,F,133354
16,F,122252
17,F,7960
18,F,9134
19,F,89951
20,F,122242
21,F,14734
22,F,122262
23,F,6623
24,F,7574
25,F,6944
26,F,6059
27,F,15066
28,F,74100
29,F,124532
0,F,125588
1,F,7649
2,F,7529
3,F,29388
4,F,27521
5,F,94274
6,F,93991
7,F,15628
8,F,7308
9,F,4121
10,F,7140
11,F,9569
12,F,107431
13,F,27394
14,F,4372
15,F,93708
16,F,94048
17,F,134333
18,F,15540
19,F,10275
20,F,94426
21,F,94254
22,F,15198
23,F,59177
24,F,14880
25,F,13992
26,F,4056
27,F,3951
28,F,10239
29,F,15657
0,F,133561
1,F,1123
2,F,1124
3,F,1946
4,F,15145
5,F,2418
6,F,15330
7,F,15444
8,F,15442
9,F,15440
10,F,15328
11,F,4024
12,F,2488
13,F,35221
14,F,3961
15,F,7416
16,F,995
17,F,94343
18,F,6612
19,F,14197
20,F,94107
21,F,93808
22,F,125531
23,F,59043
24,F,77568
25,F,14195
26,F,6454
27,F,59279
28,F,93712
29,F,94003
0,F,94061
1,F,93616
2,F,76910
3,F,33200
4,F,7036
5,F,59281
6,F,59283
7,F,93580
8,F,94407
9,F,131694
10,F,94425
11,F,3709
12,F,129348
13,F,129350
14,F,354
15,F,390
16,F,385
17,F,15658
18,F,4044
19,F,131053
20,F,1908
21,F,50909
22,F,3692
23,F,13804
24,F,3677
25,F,3694
26,F,1429
27,F,1406
28,F,4325
29,F,4326
0,F,680
1,F,681
2,F,10058
3,F,7352
4,F,100790
5,F,14030
6,F,123282
7,F,2187
8,F,2398
9,F,2403
10,F,7358
11,F,9572
12,F,7355
13,F,7354
14,F,10283
15,F,7311
16,F,9405
17,F,1452
18,F,6771
19,F,9986
20,F,9962
21,F,27314
22,F,134893
23,F,9766
24,F,15890
25,F,29201
26,F,50902
27,F,709
28,F,727
29,F,58700
0,F,728
1,F,94279
2,F,93807
3,F,6461
4,F,59257
5,F,76789
6,F,8578
7,F,93945
8,F,93668
9,F,58383
10,F,8632
11,F,15000
12,F,7362
13,F,93548
14,F,6964
15,F,6952
16,F,93700
17,F,7990
18,F,7989
19,F,66478
20,F,59285
21,F,94077
22,F,4220
23,F,9910
24,F,9912
25,F,10066
26,F,3967
27,F,7145
28,F,14549
29,F,7411
0,F,7154
1,F,7379
2,F,14712
3,F,563
0,G,7429
1,G,594
2,G,620
3,G,588
4,G,614
5,G,615
6,G,604
7,G,605
8,G,581
9,G,619
10,G,580
11,G,613
12,G,612
13,G,603
14,G,602
15,G,10090
16,G,1994
17,G,130065
18,G,130067
19,G,130066
20,G,93743
21,G,94338
22,G,14869
23,G,14870
24,G,3735
25,G,3375
26,G,94289
27,G,94052
28,G,640
29,G,58719
0,G,9957
1,G,9999
2,G,9955
3,G,93738
4,G,93773
5,G,59289
6,G,10152
7,G,10236
8,G,10237
9,G,93586
10,G,94106
11,G,8638
12,G,8195
13,G,3703
14,G,2673
15,G,2675
16,G,7094
17,G,4236
18,G,9898
19,G,9895
20,G,15797
21,G,93717
22,G,93786
23,G,29397
24,G,9969
25,G,9971
26,G,6875
27,G,132492
28,G,9842
29,G,58701
0,G,93671
1,G,93725
2,G,58702
3,G,58703
4,G,77494
5,G,58704
6,G,94385
7,G,94344
8,G,93869
9,G,93790
10,G,58705
11,G,93793
12,G,93980
13,G,93925
14,G,93789
15,G,59291
16,G,27773
17,G,8139
18,G,90288
19,G,129385
20,G,13983
21,G,58706
22,G,94193
23,G,94022
24,G,58707
25,G,93765
26,G,93771
27,G,59064
28,G,4066
29,G,4067
0,G,93932
1,G,94168
2,G,7469
3,G,416
4,G,6868
5,G,94001
6,G,93602
7,G,13970
8,G,682
9,G,14093
10,G,27714
11,G,13981
12,G,8566
13,G,14849
14,G,30242
15,G,13973
16,G,14850
17,G,15504
18,G,27542
19,G,51010
20,G,6515
21,G,27357
22,G,30191
23,G,59551
24,G,94418
25,G,93898
26,G,9042
27,G,9037
28,G,100540
29,G,93934
0,G,93626
1,G,93956
2,G,94320
3,G,59293
4,G,93639
5,G,93877
6,G,94236
7,G,94090
8,G,59295
9,G,3817
10,G,8200
11,G,8553
12,G,126847
13,G,4653
14,G,4656
15,G,1077
16,G,1079
17,G,1092
18,G,1091
19,G,1095
20,G,4365
21,G,4364
22,G,4356
23,G,1048
24,G,10230
25,G,27446
26,G,28998
27,G,29000
28,G,1117
29,G,29517
0,G,4144
1,G,114450
2,G,2593
3,G,2589
4,G,2590
5,G,2591
6,G,2587
7,G,15660
8,G,849
9,G,100542
10,G,59297
11,G,129455
12,G,1959
13,G,8138
14,G,3729
15,G,3739
16,G,133598
17,G,29355
18,G,8404
19,G,10026
20,G,14012
21,G,1174
22,G,1720
23,G,15583
24,G,9524
0,H,4071
1,H,7455
2,H,14037
3,H,4803
4,H,7316
5,H,7288
6,H,94156
7,H,93666
8,H,6532
9,H,6725
10,H,94388
11,H,2694
12,H,2695
13,H,9077
14,H,58960
15,H,10139
16,H,103408
17,H,8122
18,H,15244
19,H,133617
20,H,10110
21,H,10186
22,H,8839
23,H,8838
24,H,94218
25,H,100651
26,H,13778
27,H,9127
28,H,123550
29,H,8780
0,H,9129
1,H,9121
2,H,93779
3,H,94141
4,H,8722
5,H,9105
6,H,14641
7,H,50936
8,H,768
9,H,90135
10,H,8056
11,H,1153
12,H,1497
13,H,58535
14,H,58524
15,H,90134
16,H,58523
17,H,394
18,H,739
19,H,9908
20,H,625
21,H,10086
22,H,1068
23,H,90128
24,H,3969
25,H,14923
26,H,10175
27,H,1019
28,H,58534
29,H,3751
0,H,1226
1,H,58538
2,H,50939
3,H,501
4,H,58529
5,H,90136
6,H,58527
7,H,58544
8,H,14485
9,H,58542
10,H,2027
11,H,880
12,H,58540
13,H,1330
14,H,58522
15,H,10223
16,H,8874
17,H,58515
18,H,58528
19,H,4213
20,H,90129
21,H,90131
22,H,90138
23,H,6646
24,H,9952
25,H,9916
26,H,15122
27,H,58708
28,H,33207
29,H,132714
0,H,132716
1,H,132715
2,H,59335
3,H,129408
4,H,8297
5,H,2974
6,H,94118
7,H,93579
8,H,58341
9,H,57887
10,H,29057
11,H,1534
12,H,1535
13,H,2685
14,H,2687
15,H,2688
16,H,126805
17,H,126807
18,H,126803
19,H,1566
20,H,94270
21,H,94013
22,H,59299
23,H,124273
24,H,124274
25,H,8720
26,H,9213
27,H,6969
28,H,9966
29,H,10009
0,H,9994
1,H,132012
2,H,132013
3,H,10010
4,H,9985
5,H,58319
6,H,14002
7,H,58690
8,H,120095
9,H,120096
10,H,94243
11,H,100960
12,H,14212
13,H,8112
14,H,372
15,H,14005
16,H,58710
0,I,14996
1,I,15460
2,I,8199
3,I,7055
4,I,35275
5,I,7049
6,I,27467
7,I,94389
8,I,93747
9,I,100516
10,I,59301
11,I,94029
12,I,93987
13,I,59261
14,I,4279
15,I,93672
16,I,94119
17,I,76430
18,I,76438
19,I,3003
20,I,7965
21,I,34941
22,I,34948
23,I,34938
24,I,34943
25,I,15711
26,I,29055
27,I,6290
28,I,14383
29,I,134758
0,I,6288
1,I,6130
2,I,6204
3,I,6272
4,I,6169
5,I,27531
6,I,6168
7,I,6132
8,I,6286
9,I,6260
10,I,14062
11,I,6080
12,I,6289
13,I,77368
14,I,6131
15,I,6135
16,I,6137
17,I,6133
18,I,15186
19,I,28423
20,I,30216
21,I,123751
22,I,6167
23,I,6140
24,I,6208
25,I,6264
26,I,6265
27,I,6136
28,I,6077
29,I,6271
0,I,77109
1,I,6076
2,I,6263
3,I,6270
4,I,6134
5,I,6268
6,I,10235
7,I,15263
8,I,130192
9,I,134904
10,I,93944
11,I,94232
12,I,58711
13,I,15325
14,I,14997
15,I,93941
16,I,94311
17,I,7087
18,I,134721
19,I,93622
20,I,93587
21,I,59320
22,I,2945
23,I,58713
24,I,93973
25,I,93876
26,I,59321
27,I,59323
28,I,59325
29,I,59327
0,I,59351
1,I,58576
2,I,59345
3,I,100530
4,I,58715
5,I,132072
6,I,58691
7,I,58720
8,I,58693
9,I,59347
10,I,132032
11,I,58716
12,I,59354
13,I,59385
14,I,59355
15,I,58717
16,I,59363
17,I,58718
18,I,59367
19,I,59369
20,I,58721
21,I,59371
22,I,59373
23,I,58722
24,I,5149
25,I,58723
26,I,58726
27,I,58727
28,I,58729
29,I,58731
0,I,59387
1,I,58732
2,I,59389
3,I,58733
4,I,59359
5,I,58734
6,I,59391
7,I,59361
8,I,59393
9,I,58736
10,I,58737
11,I,58738
12,I,59399
13,I,100733
14,I,59401
15,I,59403
16,I,100731
17,I,100529
18,I,59408
19,I,15682
20,I,100523
21,I,58712
22,I,59413
23,I,59418
24,I,58739
25,I,59420
26,I,59423
27,I,58740
28,I,59425
29,I,58742
0,I,59428
1,I,59343
2,I,58744
3,I,94341
4,I,93654
5,I,59313
6,I,126577
7,I,126576
8,I,126578
9,I,94009
10,I,94089
11,I,27827
12,I,100517
13,I,94136
14,I,94134
15,I,6866
16,I,129505
17,I,93826
18,I,15147
19,I,8414
20,I,14373
21,I,5399
22,I,94261
23,I,94015
24,I,134902
25,I,8384
26,I,100735
27,I,120097
28,I,94150
29,I,94220
0,I,94411
1,I,100728
2,I,93838
3,I,94292
4,I,76530
5,I,94354
6,I,93589
7,I,59431
8,I,14716
9,I,15518
10,I,6783
11,I,59432
12,I,94062
13,I,94397
14,I,93954
15,I,93893
16,I,4280
17,I,2173
18,I,89993
19,I,14040
20,I,15319
21,I,7804
22,I,15307
23,I,89988
24,I,93582
25,I,93578
26,I,100508
27,I,15323
28,I,15303
29,I,15321
0,I,15301
1,I,94276
2,I,93775
3,I,15299
4,I,15300
5,I,2927
6,I,2909
7,I,2919
8,I,2917
9,I,2918
10,I,2920
11,I,89989
12,I,15295
13,I,15305
0,K,8420
1,K,2801
2,K,4345
3,K,2479
4,K,4292
5,K,7672
6,K,8588
7,K,8589
8,K,8584
9,K,133532
10,K,4206
11,K,4204
12,K,7240
13,K,9959
14,K,58993
15,K,7225
16,K,7229
17,K,59006
18,K,9553
19,K,8643
20,K,2183
21,K,124530
22,K,15166
23,K,2180
24,K,7099
25,K,7096
26,K,58748
27,K,93573
28,K,93881
29,K,1826
0,K,7716
1,K,7092
2,K,7717
3,K,5712
4,K,51013
5,K,14078
6,K,15526
7,K,7018
8,K,123266
9,K,35311
10,K,133555
11,K,130926
12,K,6580
13,K,7134
14,K,7889
15,K,133596
16,K,133597
17,K,133558
18,K,33364
19,K,35279
20,K,29441
21,K,33235
22,K,7131
23,K,50904
24,K,35277
25,K,100524
26,K,94176
27,K,14061
28,K,100534
29,K,93748
0,K,94068
1,K,94233
2,K,76608
3,K,986
4,K,1677
5,K,59540
6,K,126857
7,K,4860
8,K,15463
9,K,14517
10,K,7891
11,K,7893
12,K,7991
13,K,7789
14,K,7017
15,K,134755
16,K,8926
17,K,8729
18,K,14335
19,K,9108
20,K,9173
21,K,9166
22,K,9174
23,K,78588
24,K,14762
25,K,93647
26,K,93679
27,K,93895
28,K,94294
29,K,94290
0,K,93792
1,K,93272
2,K,2647
3,K,2648
4,K,2649
5,K,2645
6,K,35329
7,K,27311
8,K,1487
9,K,2168
10,K,2225
11,K,2170
12,K,93268
13,K,93571
14,K,125538
15,K,94325
16,K,100545
17,K,59447
18,K,9768
19,K,3726
20,K,94047
21,K,93782
22,K,59449
23,K,8419
24,K,4702
25,K,29467
26,K,7799
27,K,93596
28,K,94201
29,K,59263
0,K,59549
1,K,93874
2,K,94111
3,K,93884
4,K,94281
5,K,58750
6,K,14486
7,K,93590
8,K,94361
9,K,15265
10,K,59452
11,K,93862
12,K,93788
13,K,3654
14,K,3655
15,K,9760
16,K,35327
17,K,94064
18,K,94088
19,K,6767
20,K,5387
21,K,15892
22,K,29049
23,K,94392
24,K,93974
25,K,59002
26,K,6484
27,K,7002
28,K,7698
29,K,27811
0,K,1583
1,K,59453
2,K,93686
3,K,93570
4,K,1358
5,K,93656
6,K,94104
7,K,59456
8,K,14624
9,K,9929
10,K,126671
11,K,59457
12,K,7676
13,K,78472
14,K,8550
15,K,389
16,K,2378
17,K,7177
18,K,7176
19,K,122564
20,K,27300
21,K,27298
22,K,14799
23,K,122563
24,K,5230
25,K,2382
26,K,14744
27,K,73548
28,K,73549
29,K,125585
0,K,4784
1,K,8711
2,K,100538
3,K,8868
4,K,8869
5,K,6833
6,K,2356
7,K,27704
8,K,6768
9,K,6769
10,K,9794
11,K,93784
12,K,3723
13,K,3727
14,K,29390
15,K,77942
16,K,7074
17,K,3611
18,K,3613
19,K,15411
20,K,93730
21,K,94268
22,K,4162
23,K,94314
24,K,94040
25,K,15844
26,K,9832
27,K,59460
28,K,59462
29,K,6778
0,K,14795
1,K,35219
2,K,27818
3,K,58996
4,K,6563
5,K,93619
6,K,93832
7,K,4367
8,K,58751
9,K,13991
10,K,59465
11,K,94416
12,K,94188
13,K,14851
14,K,4548
15,K,1213
16,K,1221
17,K,1215
18,K,93674
19,K,93660
20,K,1219
21,K,59055
22,K,8776
23,K,94222
24,K,94002
25,K,4488
26,K,93600
27,K,93834
28,K,100521
29,K,35328
0,K,6953
1,K,7189
2,K,94296
3,K,100609
0,L,6313
1,L,4615
2,L,4617
3,L,6415
4,L,7147
5,L,7453
6,L,1223
7,L,124412
8,L,498
9,L,2391
10,L,100513
11,L,94138
12,L,93942
13,L,59375
14,L,93675
15,L,93606
16,L,272
17,L,6327
18,L,3815
19,L,473
20,L,475
21,L,9360
22,L,273
23,L,59468
24,L,7066
25,L,93905
26,L,94656
27,L,94169
28,L,58753
29,L,14405
0,L,5879
1,L,93769
2,L,94131
3,L,3569
4,L,94377
5,L,100515
6,L,94199
7,L,94650
8,L,94206
9,L,94259
10,L,94651
11,L,94071
12,L,94024
13,L,128363
14,L,128364
15,L,128365
16,L,94649
17,L,93803
18,L,94034
19,L,9348
20,L,15104
21,L,14783
22,L,59472
23,L,59474
24,L,9397
25,L,58774
26,L,59476
27,L,59479
28,L,128366
29,L,9428
0,L,30231
1,L,59445
2,L,59446
3,L,9677
4,L,58450
5,L,9187
6,L,9583
7,L,4559
8,L,5452
9,L,9096
10,L,9058
11,L,30221
12,L,9669
13,L,59001
14,L,29194
15,L,29360
16,L,27387
17,L,7481
18,L,90139
19,L,117757
20,L,15487
21,L,7677
22,L,27617
23,L,27616
24,L,7417
25,L,90130
26,L,90189
27,L,59007
28,L,29358
29,L,27400
0,L,7484
1,L,7486
2,L,90133
3,L,29312
4,L,8172
5,L,6894
6,L,8121
7,L,9349
8,L,6608
9,L,7478
10,L,9285
11,L,6074
12,L,78305
13,L,8284
14,L,27885
15,L,1088
16,L,128339
17,L,90068
18,L,27279
19,L,14998
20,L,7075
21,L,59484
22,L,14992
23,L,2088
24,L,94359
25,L,93634
26,L,7538
27,L,77509
28,L,8764
29,L,8758
0,L,93591
1,L,94275
2,L,35013
3,L,7700
4,L,59021
5,L,93852
6,L,93758
7,L,4347
8,L,7363
9,L,6928
10,L,94081
11,L,93994
12,L,78574
13,L,8737
0,M,134292
1,M,7034
2,M,4591
3,M,4604
4,M,134955
5,M,15532
6,M,134954
7,M,15530
8,M,15534
9,M,27257
10,M,4596
11,M,77908
12,M,58991
13,M,29234
14,M,14965
15,M,4664
16,M,94376
17,M,94391
18,M,93855
19,M,93760
20,M,9757
21,M,132652
22,M,132657
23,M,132653
24,M,132655
25,M,132656
26,M,10286
27,M,93646
28,M,94263
29,M,2313
0,M,1663
1,M,1789
2,M,1798
3,M,2051
4,M,94265
5,M,128361
6,M,15200
7,M,59491
8,M,8734
9,M,27398
10,M,3259
11,M,131156
12,M,131157
13,M,9701
14,M,94192
15,M,93628
16,M,93868
17,M,93897
18,M,59494
19,M,14087
20,M,51029
21,M,3941
22,M,3938
23,M,14300
24,M,94372
25,M,93706
26,M,27442
27,M,27444
28,M,1195
29,M,93707
0,M,94260
1,M,2868
2,M,35283
3,M,7010
4,M,100729
5,M,124034
6,M,94173
7,M,7012
8,M,130733
9,M,14989
10,M,93908
11,M,93919
12,M,6986
13,M,93731
14,M,94152
15,M,59265
16,M,8533
17,M,57881
18,M,57883
19,M,57885
20,M,94080
21,M,94248
22,M,58754
23,M,35281
24,M,14238
25,M,59502
26,M,94004
27,M,93981
28,M,5528
29,M,90572
0,M,90574
1,M,90578
2,M,94300
3,M,94190
4,M,93824
5,M,94423
6,M,58755
7,M,93763
8,M,93681
9,M,58756
10,M,8982
11,M,8975
12,M,8961
13,M,8981
14,M,125541
15,M,93878
16,M,94305
17,M,94167
18,M,93882
19,M,94181
20,M,94366
21,M,8343
22,M,33212
23,M,29135
24,M,9013
25,M,59541
26,M,110387
27,M,100543
28,M,94006
29,M,9755
0,M,14055
1,M,29518
2,M,35287
3,M,119751
4,M,100910
5,M,10252
6,M,119592
7,M,35023
8,M,8082
9,M,77114
10,M,59061
11,M,520
12,M,94424
13,M,94295
14,M,14999
15,M,14474
16,M,8568
17,M,90070
18,M,5584
19,M,1708
20,M,1696
21,M,1702
22,M,1697
23,M,2277
24,M,2267
25,M,2266
26,M,2268
27,M,28987
28,M,129467
29,M,129468
0,M,1964
1,M,2552
2,M,2664
3,M,2665
4,M,13868
5,M,2546
6,M,1939
7,M,1925
8,M,1613
9,M,1781
10,M,1736
11,M,94229
12,M,94139
13,M,1977
14,M,2997
15,M,58757
16,M,93921
17,M,94209
18,M,100536
19,M,93662
20,M,94043
21,M,93806
22,M,94210
23,M,2757
24,M,77248
25,M,3857
26,M,6342
27,M,6343
28,M,58758
29,M,9883
0,M,78388
1,M,4801
2,M,133653
3,M,94226
4,M,94414
5,M,59267
6,M,4519
7,M,77800
8,M,3353
9,M,3354
10,M,4434
11,M,59237
12,M,59507
13,M,93689
14,M,94278
15,M,3860
16,M,59016
17,M,2316
18,M,2989
19,M,100526
20,M,93597
21,M,15735
22,M,8756
23,M,2321
24,M,3882
25,M,8445
26,M,58759
27,M,94109
28,M,94353
29,M,15019
0,M,13674
1,M,8407
2,M,59510
3,M,15923
4,M,8376
5,M,15926
6,M,8377
7,M,8375
8,M,8379
9,M,15922
10,M,15925
11,M,15924
12,M,73829
13,M,94066
14,M,129365
15,M,59515
16,M,9471
17,M,7077
18,M,58760
19,M,94203
20,M,94212
21,M,8599
22,M,9461
23,M,94323
24,M,94196
25,M,15421
26,M,8777
27,M,93791
28,M,94215
29,M,94298
0,M,94251
1,M,59518
2,M,1275
3,M,3264
0,N,123748
1,N,93823
2,N,106708
3,N,10094
4,N,8870
5,N,77370
6,N,3827
7,N,94148
8,N,94051
9,N,15095
10,N,93752
11,N,100533
12,N,846
13,N,847
14,N,15435
15,N,93655
16,N,13719
17,N,7207
18,N,67629
19,N,15153
20,N,15154
21,N,59000
22,N,59004
23,N,29423
24,N,59521
25,N,93576
26,N,94164
27,N,50992
28,N,50990
29,N,101323
0,N,27309
1,N,93848
2,N,93920
3,N,100509
4,N,59523
5,N,94250
6,N,94045
7,N,27540
8,N,10016
9,N,6008
10,N,8247
11,N,7955
12,N,122462
13,N,93951
0,O,4630
1,O,34975
2,O,10044
3,O,14784
4,O,7048
5,O,35285
6,O,4343
7,O,3637
8,O,15346
9,O,15338
10,O,15348
11,O,15344
12,O,15340
13,O,15010
14,O,14239
15,O,93409
16,O,33366
17,O,8830
18,O,7750
19,O,77931
20,O,78445
21,O,78019
22,O,8105
23,O,5267
24,O,7736
25,O,2659
26,O,132536
27,O,132537
28,O,2651
29,O,59527
0,O,94239
1,O,94347
2,O,94272
3,O,93632
4,O,3497
5,O,3498
6,O,122351
7,O,2429
8,O,8769
9,O,108809
10,O,58762
11,O,93749
12,O,93938
13,O,59525
14,O,9754
15,O,58761
16,O,58743
0,P,90568
1,P,58763
2,P,15517
3,P,93734
4,P,93805
5,P,100546
6,P,58764
7,P,2368
8,P,8630
9,P,93727
10,P,94288
11,P,78502
12,P,8097
13,P,4415
14,P,14290
15,P,4417
16,P,13994
17,P,8417
18,P,9882
19,P,33228
20,P,7957
21,P,59395
22,P,93723
23,P,125527
24,P,3659
25,P,14714
26,P,15242
27,P,3602
28,P,134692
29,P,7555
0,P,58385
1,P,27537
2,P,14995
3,P,93695
4,P,93629
5,P,58977
6,P,15408
7,P,9918
8,P,538
9,P,77696
10,P,77695
11,P,77694
12,P,77699
13,P,77697
14,P,93870
15,P,93830
16,P,76728
17,P,128448
18,P,128444
19,P,128450
20,P,128446
21,P,128452
22,P,286
23,P,122322
24,P,130913
25,P,4078
26,P,14589
27,P,132173
28,P,94409
29,P,94271
0,P,58765
1,P,58987
2,P,58766
3,P,1151
4,P,14042
5,P,93665
6,P,93669
7,P,13971
8,P,6717
9,P,8910
10,P,94410
11,P,94657
12,P,93599
13,P,58767
14,P,93843
15,P,93801
16,P,59529
17,P,8042
18,P,94255
19,P,93641
20,P,93684
21,P,94387
22,P,5826
23,P,58768
24,P,93933
25,P,94401
26,P,6351
27,P,8750
28,P,8747
29,P,15675
0,P,93950
1,P,93761
2,P,14958
3,P,3647
4,P,14595
5,P,4808
6,P,8140
7,P,58548
8,P,134693
9,P,14427
10,P,3730
11,P,13819
12,P,13823
13,P,94365
14,P,94153
15,P,14963
16,P,58769
17,P,8157
18,P,8164
19,P,8158
20,P,8159
21,P,8166
22,P,8161
23,P,4442
24,P,4432
25,P,59247
26,P,94011
27,P,93617
28,P,10095
29,P,15004
0,P,7370
1,P,7005
2,P,2713
3,P,131057
4,P,131058
5,P,9736
6,P,126829
7,P,14575
8,P,129410
9,P,34944
10,P,8287
11,P,14241
12,P,133712
13,P,93605
14,P,93873
15,P,100544
16,P,14494
17,P,94345
18,P,94342
19,P,8477
20,P,59019
21,P,6672
22,P,8514
23,P,34950
24,P,59018
25,P,35334
26,P,33210
27,P,94247
28,P,93603
29,P,67789
0,P,7513
1,P,7526
2,P,51106
3,P,34937
4,P,13926
5,P,28948
6,P,9184
7,P,134903
8,P,7737
9,P,59017
10,P,5542
11,P,15893
12,P,27393
13,P,94235
14,P,93937
15,P,27358
16,P,9182
17,P,77048
18,P,67111
19,P,73720
20,P,133769
21,P,58972
22,P,134312
23,P,130893
24,P,59100
25,P,58770
26,P,93692
27,P,93854
28,P,15483
29,P,8730
0,P,94293
1,P,130147
2,P,118890
3,P,133612
4,P,120093
5,P,94075
6,P,94332
7,P,59025
8,P,15590
9,P,59558
10,P,10056
11,P,14512
0,R,74188
1,R,15354
2,R,27779
3,R,4405
4,R,4406
5,R,4425
6,R,94128
7,R,93635
8,R,7683
9,R,59085
10,R,8241
11,R,7959
12,R,7958
13,R,8259
14,R,8235
15,R,6885
16,R,93746
17,R,94654
18,R,93865
19,R,15005
20,R,14103
21,R,14647
22,R,14715
23,R,14847
24,R,13845
25,R,14016
26,R,13955
27,R,27315
28,R,94399
29,R,93820
0,R,73948
1,R,94032
2,R,94205
3,R,94186
4,R,93687
5,R,93714
6,R,93704
7,R,93577
8,R,93922
9,R,94094
10,R,94018
11,R,93998
12,R,93875
13,R,59561
14,R,59563
15,R,59565
16,R,59567
17,R,59569
18,R,59573
19,R,8386
20,R,34925
21,R,8018
22,R,15006
23,R,93781
24,R,94027
25,R,59577
26,R,14491
27,R,7097
28,R,28769
29,R,6963
0,R,6962
1,R,9535
2,R,15663
3,R,34982
4,R,112580
5,R,9183
6,R,14585
7,R,93631
8,R,93776
9,R,101504
10,R,94074
11,R,94151
12,R,94273
13,R,58771
14,R,100527
15,R,59579
16,R,93962
17,R,94371
18,R,59580
19,R,15001
20,R,29046
21,R,4353
22,R,133552
23,R,7413
24,R,15008
25,R,10017
26,R,133652
27,R,10054
28,R,9961
29,R,10045
0,R,59583
1,R,58507
2,R,59023
3,R,133419
4,R,58506
5,R,133414
6,R,133415
7,R,4607
8,R,3975
9,R,14287
10,R,133417
11,R,15512
12,R,58510
13,R,4416
14,R,4428
15,R,8426
16,R,884
17,R,4265
18,R,4507
19,R,70151
20,R,4641
21,R,4032
22,R,8883
23,R,14404
24,R,94191
25,R,93811
26,R,8888
27,R,14410
28,R,134896
29,R,698
0,R,713
1,R,714
2,R,27384
3,R,94049
4,R,93764
5,R,59584
6,R,14069
7,R,6886
8,R,94184
9,R,15003
10,R,6357
11,R,4879
12,R,93697
13,R,93867
14,R,8980
15,R,6358
16,R,4312
17,R,2243
18,R,2234
19,R,2085
20,R,2233
21,R,93930
22,R,93652
23,R,27530
24,R,4569
25,R,59588
26,R,59590
27,R,73688
28,R,59592
29,R,59594
0,R,93975
1,R,94044
2,R,94039
3,R,94419
4,R,93726
5,R,94154
6,R,93691
7,R,94017
8,R,93816
9,R,94055
10,R,10027
11,R,3731
12,R,1911
0,S,8133
1,S,7542
2,S,7359
3,S,8401
4,S,8397
5,S,28331
6,S,93983
7,S,3540
8,S,35029
9,S,35025
10,S,35027
11,S,3733
12,S,8742
13,S,1377
14,S,6887
15,S,27396
16,S,29471
17,S,10290
18,S,94046
19,S,128359
20,S,8412
21,S,8411
22,S,7081
23,S,15932
24,S,59020
25,S,4041
26,S,7106
27,S,10279
28,S,93949
29,S,94117
0,S,6920
1,S,6921
2,S,94356
3,S,93709
4,S,59012
5,S,94417
6,S,7255
7,S,14506
8,S,2784
9,S,7254
10,S,7300
11,S,7298
12,S,29405
13,S,7247
14,S,29413
15,S,3753
16,S,7040
17,S,7262
18,S,7273
19,S,10281
20,S,10060
21,S,8491
22,S,8492
23,S,4057
24,S,7318
25,S,93906
26,S,94266
27,S,59255
28,S,2574
29,S,2136
0,S,15931
1,S,5945
2,S,3957
3,S,8213
4,S,8214
5,S,35205
6,S,1345
7,S,3513
8,S,3487
9,S,3490
10,S,3502
11,S,9342
12,S,130251
13,S,109458
14,S,9309
15,S,9345
16,S,109427
17,S,9462
18,S,9303
19,S,9764
20,S,9036
21,S,4118
22,S,15545
23,S,2050
24,S,2047
25,S,2054
26,S,2053
27,S,2041
28,S,4906
29,S,27258
0,S,14008
1,S,5388
2,S,2074
3,S,30257
4,S,8866
5,S,119249
6,S,27269
7,S,27270
8,S,132574
9,S,9554
10,S,9495
11,S,3379
12,S,3380
13,S,7143
14,S,3045
15,S,3046
16,S,15009
17,S,14912
18,S,59015
19,S,59598
20,S,93964
21,S,93910
22,S,93835
23,S,94132
24,S,126685
25,S,134905
26,S,35309
27,S,33360
28,S,5030
29,S,6972
0,S,70148
1,S,126753
2,S,14006
3,S,28758
4,S,94059
5,S,94103
6,S,69769
7,S,134232
8,S,94155
9,S,94021
10,S,15269
11,S,1470
12,S,13655
13,S,58772
14,S,94012
15,S,94189
16,S,134237
17,S,58773
18,S,93903
19,S,93840
20,S,13874
21,S,9483
22,S,59606
23,S,59608
24,S,59602
25,S,94369
26,S,93892
27,S,94315
28,S,93912
29,S,93710
0,S,93931
1,S,93670
2,S,15650
3,S,126684
4,S,130165
5,S,15274
6,S,15260
7,S,94195
8,S,93624
9,S,9941
10,S,15491
11,S,93552
12,S,8400
13,S,8408
14,S,59059
15,S,15835
16,S,8415
17,S,29391
18,S,59614
19,S,59616
20,S,124271
21,S,124272
22,S,9089
23,S,58775
24,S,9031
25,S,93948
26,S,94317
27,S,94208
28,S,93966
29,S,9014
0,S,59618
1,S,93857
2,S,94415
3,S,9170
4,S,59553
5,S,58505
6,S,94140
7,S,7930
8,S,7936
9,S,7946
10,S,7931
11,S,7932
12,S,93680
13,S,93585
14,S,58776
15,S,100532
16,S,94127
17,S,93693
18,S,1455
19,S,14470
20,S,4188
21,S,14339
22,S,8778
23,S,2704
24,S,1823
25,S,14449
26,S,15680
27,S,15652
28,S,58343
29,S,4563
0,S,9477
1,S,9591
2,S,93594
3,S,94223
4,S,15648
5,S,59684
6,S,100518
7,S,93623
8,S,14408
9,S,93955
10,S,93673
11,S,14706
12,S,94157
13,S,94083
14,S,58777
15,S,8763
16,S,59622
17,S,59625
18,S,776
19,S,13824
20,S,14692
21,S,14407
22,S,3048
23,S,93800
24,S,94336
25,S,14071
26,S,59411
27,S,94326
28,S,94390
29,S,59338
0,S,491
1,S,122285
2,S,5110
3,S,28020
4,S,14790
5,S,94042
6,S,93961
7,S,58778
8,S,7440
9,S,864
10,S,58966
11,S,863
12,S,862
13,S,8865
14,S,7567
15,S,7573
16,S,7296
17,S,94349
18,S,93715
19,S,8198
20,S,8861
21,S,8197
22,S,14018
23,S,108543
24,S,4105
25,S,4107
26,S,7194
27,S,7195
28,S,9090
29,S,4248
0,S,14295
1,S,4249
2,S,34931
3,S,8607
4,S,6607
5,S,9038
6,S,9770
7,S,124029
8,S,8725
9,S,14283
10,S,9497
11,S,15543
12,S,8251
13,S,51015
14,S,7741
15,S,94031
16,S,93985
17,S,5525
18,S,117134
19,S,59626
20,S,59629
21,S,94105
22,S,94137
0,T,8406
1,T,9942
2,T,33346
3,T,134899
4,T,134895
5,T,6722
6,T,94054
7,T,93984
8,T,15677
9,T,8755
10,T,120094
11,T,9511
12,T,15664
13,T,13950
14,T,7166
15,T,14065
16,T,14302
17,T,5620
18,T,8506
19,T,5572
20,T,2874
21,T,6379
22,T,13625
23,T,33197
24,T,90571
25,T,90588
26,T,448
27,T,5687
28,T,29470
29,T,5631
0,T,5688
1,T,5644
2,T,5654
3,T,5621
4,T,5671
5,T,5933
6,T,5932
7,T,5936
8,T,5727
9,T,6316
10,T,5762
11,T,5802
12,T,5797
13,T,5798
14,T,5795
15,T,5996
16,T,126659
17,T,5573
18,T,5521
19,T,5536
20,T,5505
21,T,10143
22,T,58501
23,T,5811
24,T,58499
25,T,5813
26,T,5444
27,T,14056
28,T,6462
29,T,5820
0,T,660
1,T,58473
2,T,14565
3,T,15686
4,T,6067
5,T,5776
6,T,5986
7,T,5983
8,T,134253
9,T,5984
10,T,6069
11,T,5458
12,T,123342
13,T,5966
14,T,5958
15,T,7849
16,T,58471
17,T,7845
18,T,5460
19,T,6046
20,T,5423
21,T,5980
22,T,5842
23,T,5422
24,T,5992
25,T,5876
26,T,14381
27,T,5873
28,T,14379
29,T,93488
0,T,14501
1,T,5875
2,T,59027
3,T,5429
4,T,5407
5,T,5411
6,T,5386
7,T,5409
8,T,5390
9,T,5485
10,T,5338
11,T,5413
12,T,5488
13,T,5486
14,T,123606
15,T,5414
16,T,5576
17,T,6047
18,T,58467
19,T,5646
20,T,5643
21,T,58463
22,T,5878
23,T,5490
24,T,58460
25,T,5959
26,T,5827
27,T,134753
28,T,5463
29,T,5930
0,T,5938
1,T,5716
2,T,5981
3,T,58440
4,T,444
5,T,58477
6,T,6054
7,T,6051
8,T,6055
9,T,6056
10,T,6020
11,T,58456
12,T,5701
13,T,13752
14,T,5841
15,T,89228
16,T,6004
17,T,93880
18,T,94404
19,T,94084
20,T,94331
21,T,9695
22,T,9734
23,T,6602
24,T,14899
25,T,14897
26,T,8014
27,T,9733
28,T,8004
29,T,3388
0,T,8512
1,T,76568
2,T,76569
3,T,76573
4,T,67654
5,T,8291
6,T,58779
7,T,5233
8,T,90585
9,T,90575
10,T,90591
11,T,29420
12,T,93887
13,T,94108
14,T,93742
15,T,125529
16,T,93722
17,T,94245
18,T,93992
19,T,93794
20,T,59498
21,T,3642
22,T,5360
23,T,7389
24,T,7391
25,T,9546
26,T,4393
27,T,28874
28,T,7184
29,T,15887
0,T,7329
1,T,15589
2,T,126794
3,T,126796
4,T,93588
5,T,94339
6,T,124276
7,T,124275
8,T,59271
9,T,1457
10,T,90014
11,T,90019
12,T,90008
13,T,90017
14,T,90013
15,T,90011
16,T,122405
17,T,6419
18,T,10211
19,T,10213
20,T,59042
21,T,13673
22,T,13672
23,T,93614
24,T,94007
25,T,3261
26,T,94146
27,T,94135
28,T,58780
29,T,58699
0,T,100512
1,T,90388
2,T,122501
3,T,58749
4,T,59633
5,T,94238
6,T,94073
7,T,94653
8,T,94308
9,T,94028
10,T,93812
11,T,93859
12,T,122463
13,T,94280
14,T,93572
15,T,94648
16,T,94067
17,T,94092
18,T,128348
19,T,94318
20,T,1083
21,T,1084
22,T,132661
23,T,132660
24,T,132662
25,T,132663
26,T,132659
27,T,59339
28,T,807
29,T,3768
0,T,58781
1,T,134901
2,T,565
3,T,526
4,T,8222
5,T,550
6,T,93667
7,T,93785
8,T,33214
9,T,547
10,T,531
11,T,533
12,T,532
13,T,9851
14,T,112023
15,T,330
16,T,367
17,T,313
18,T,319
19,T,361
20,T,329
21,T,368
22,T,312
23,T,318
24,T,360
25,T,4460
26,T,14297
27,T,4483
28,T,4471
29,T,93923
0,T,120100
1,T,8521
2,T,58782
3,T,8522
4,T,93277
5,T,94085
6,T,94038
7,T,13620
8,T,14043
9,T,5275
10,T,94183
11,T,14067
12,T,7427
13,T,35004
14,T,15930
15,T,4019
16,T,7558
17,T,15507
18,T,4289
19,T,4191
20,T,2325
21,T,59637
22,T,94309
23,T,93902
0,V,14990
1,V,14448
2,V,94302
3,V,94340
4,V,14401
5,V,10147
6,V,1211
7,V,119370
8,V,50949
9,V,1208
10,V,1209
11,V,50947
12,V,1210
13,V,4613
14,V,15146
15,V,14318
16,V,27429
17,V,946
18,V,948
19,V,949
20,V,947
21,V,950
22,V,94102
23,V,94160
24,V,130257
25,V,130255
26,V,130918
27,V,130922
28,V,130919
29,V,130923
0,V,4640
1,V,4642
2,V,14075
3,V,27310
4,V,27495
5,V,6628
6,V,14354
7,V,27351
8,V,6641
9,V,631
10,V,129226
11,V,14587
12,V,6614
13,V,59341
14,V,93783
15,V,124465
16,V,7340
17,V,93762
18,V,93608
19,V,15608
20,V,9771
21,V,15524
22,V,7003
23,V,6686
24,V,58741
25,V,94095
26,V,94427
27,V,77492
28,V,77495
29,V,7068
0,V,7072
1,V,93997
2,V,93595
3,V,14347
4,V,6888
5,V,6880
6,V,94057
7,V,94070
8,V,6889
9,V,6890
10,V,7058
11,V,6895
12,V,6892
13,V,6881
14,V,94035
15,V,94019
16,V,27352
17,V,6609
18,V,7509
19,V,34926
20,V,15907
21,V,5545
22,V,409
23,V,33220
24,V,7603
25,V,29138
26,V,7934
27,V,7933
28,V,7929
29,V,14349
0,V,7944
1,V,7925
2,V,93568
3,V,59317
4,V,15695
5,V,94227
6,V,93643
7,V,59641
8,V,59643
9,V,2032
10,V,8989
11,V,14200
12,V,134192
13,V,9926
14,V,14220
15,V,8748
16,V,59645
17,V,58783
18,V,94147
19,V,93658
20,V,50899
21,V,133723
22,V,133714
23,V,133721
24,V,4620
25,V,133713
26,V,6411
27,V,3929
28,V,133717
29,V,133715
0,V,133716
1,V,133726
2,V,490
3,V,133722
4,V,133719
5,V,133718
6,V,133727
7,V,133724
8,V,842
9,V,133720
10,V,4185
11,V,133725
12,V,1942
13,V,4448
14,V,78510
0,W,7152
1,W,130170
2,W,1164
3,W,4278
4,W,4281
5,W,4293
6,W,29045
7,W,8636
8,W,93886
9,W,93729
10,W,1628
11,W,7419
12,W,104708
13,W,2317
14,W,94286
15,W,93728
16,W,4171
17,W,58502
18,W,4765
19,W,9484
20,W,15125
21,W,8637
22,W,93711
23,W,94171
24,W,452
25,W,3777
26,W,450
27,W,122362
28,W,35001
29,W,59029
0,W,6981
1,W,7026
2,W,93678
3,W,94313
4,W,6226
5,W,76769
6,W,51006
7,W,8010
8,W,8844
9,W,3939
10,W,13822
11,W,8072
12,W,6082
13,W,126855
14,W,122368
15,W,6376
16,W,122367
17,W,6375
18,W,94050
19,W,94351
20,W,29051
21,W,1921
22,W,6779
23,W,6793
24,W,7079
25,W,716
26,W,294
27,W,295
28,W,15426
29,W,582
0,W,10129
1,W,412
2,W,3861
3,W,457
4,W,9751
5,W,94291
6,W,93753
7,W,59249
8,W,14552
9,W,133032
10,W,34966
11,W,34965
12,W,59647
13,W,93916
14,W,93569
15,W,28611
16,W,58784
17,W,7846
18,W,58785
19,W,94076
20,W,93653
21,W,58786
22,W,59500
23,W,58787
24,W,94093
25,W,93645
26,W,94058
27,W,93844
28,W,59543
29,W,7564
0,W,59555
1,W,93879
2,W,93894
3,W,93971
4,W,93735
5,W,8317
6,W,94072
7,W,94110
8,W,9272
9,W,130953
0,X,94380
1,X,93943
2,X,8202
3,X,10154
4,X,4710
5,X,10251
6,X,14475
7,X,15647
8,X,132516
9,X,59161
10,X,94099
11,X,94097
12,X,133352
13,X,59233
14,X,94180
15,X,94368
16,X,94082
17,X,90071
18,X,93756
19,X,94200
20,X,58714
21,X,100520
22,X,59533
23,X,30255
24,X,29414
25,X,94216
26,X,93885
27,X,93798
28,X,94177
29,X,93737
0,X,93924
1,X,93863
2,X,93967
3,X,9063
4,X,9065
5,X,14640
6,X,94172
7,X,94234
8,X,100535
9,X,15615
10,X,13952
11,X,51027
12,X,5281
13,X,94283
14,X,94036
15,X,58681
16,X,93860
17,X,94360
18,X,14509
19,X,27308
20,X,14324
21,X,6773
22,X,29047
23,X,15164
24,X,2968
25,X,59169
26,X,7754
27,X,7070
28,X,58682
29,X,27476
0,X,14991
1,X,59171
2,X,94355
3,X,94297
4,X,9131
5,X,94382
6,X,59173
7,X,128340
8,X,130772
9,X,13982
10,X,5215
11,X,14801
12,X,9765
13,X,67308
14,X,6006
15,X,9791
16,X,58573
17,X,94306
18,X,94213
19,X,15706
20,X,93960
21,X,94016
22,X,58685
23,X,93604
24,X,94174
25,X,28504
26,X,7024
27,X,7023
28,X,34754
29,X,5291
0,X,58709
1,X,90902
2,X,8945
3,X,4303
4,X,15018
5,X,27268
6,X,28630
7,X,14616
8,X,27411
9,X,9996
10,X,67663
11,X,7850
12,X,7848
13,X,7743
14,X,7798
15,X,8564
16,X,67112
17,X,14532
18,X,7020
19,X,15011
20,X,27458
21,X,15424
22,X,28863
23,X,27350
24,X,14497
25,X,111614
26,X,34928
27,X,15014
28,X,14763
29,X,8702
0,X,8634
1,X,93929
2,X,59535
3,X,9599
4,X,8782
5,X,10181
6,X,120098
7,X,120099
8,X,8526
9,X,59038
10,X,15462
11,X,27427
12,X,820
13,X,821
14,X,822
15,X,819
16,X,8517
17,X,130025
18,X,27385
19,X,14338
20,X,93766
21,X,93993
22,X,2634
23,X,2635
24,X,2631
25,X,2630
26,X,2636
27,X,7085
28,X,77111
29,X,132718
0,X,132717
1,X,132719
2,X,132721
3,X,132723
4,X,132724
5,X,126840
6,X,4003
7,X,9673
8,X,27469
9,X,9634
10,X,9152
11,X,6093
12,X,14645
13,X,6727
14,X,7172
15,X,6876
16,X,6728
17,X,14050
18,X,14198
19,X,77951
20,X,93864
21,X,93755
22,X,59039
23,X,4474
24,X,2068
25,X,15609
26,X,126837
27,X,126835
28,X,94202
29,X,94277
0,X,35326
1,X,6622
2,X,94264
3,X,93777
4,X,59163
5,X,93856
6,X,93913
7,X,33209
0,Z,7101
1,Z,10053
2,Z,58788
3,Z,8949
4,Z,93780
5,Z,94060
6,Z,14704
7,Z,8931
8,Z,28260
9,Z,15490
10,Z,2622
11,Z,2619
12,Z,2623
13,Z,8605
14,Z,29053
15,Z,4042
16,Z,4010
17,Z,14299
18,Z,4011
19,Z,14076
20,Z,7121
21,Z,7175
22,Z,10052
23,Z,100528
24,Z,124509
25,Z,124510
26,Z,2682
27,Z,3271
28,Z,122259
29,Z,122260
0,Z,2474
1,Z,2473
2,Z,124409
3,Z,124410
4,Z,59008
5,Z,9015
